image_url,description
https://api.vietucfamily.org/storage/v1/render/image/public/VUF/images/File 1.JPG,Trao bằng khen cho A Hil
https://api.vietucfamily.org/storage/v1/render/image/public/VUF/images/File 2.JPG,Trao bằng khen cho sinh viên ở Kon Tum
https://api.vietucfamily.org/storage/v1/render/image/public/VUF/images/File 3.JPG,Trao bằng khen cho A Nam
https://api.vietucfamily.org/storage/v1/render/image/public/VUF/images/File 4.JPG,Trao bằng khen cho A Triều
https://api.vietucfamily.org/storage/v1/render/image/public/VUF/images/File 5.JPG,Trao bằng khen  cho Y Bông
https://api.vietucfamily.org/storage/v1/render/image/public/VUF/images/File 6.JPG,Trao bằng khen cho A Quư
https://api.vietucfamily.org/storage/v1/render/image/public/VUF/images/File 8.JPG,Trao bằng khen cho Y Rưm
https://api.vietucfamily.org/storage/v1/render/image/public/VUF/images/File 10.JPG,Trao bằng khen cho A Âm
https://api.vietucfamily.org/storage/v1/render/image/public/VUF/images/File 11.JPG,Trao bằng khen cho A Thoăk
https://api.vietucfamily.org/storage/v1/render/image/public/VUF/images/File 13.JPG,Trao bằng khen cho sinh viên ở Kontum
https://api.vietucfamily.org/storage/v1/render/image/public/VUF/images/File 14.JPG,Trao bằng khen cho Siu Truyền
https://api.vietucfamily.org/storage/v1/render/image/public/VUF/images/File 15.JPG,Trao bằng khen cho Siu Toại
https://api.vietucfamily.org/storage/v1/render/image/public/VUF/images/File 16.JPG,Trao bằng khen cho Siu Diệu
https://api.vietucfamily.org/storage/v1/render/image/public/VUF/images/File 17.JPG,Trao bằng khen cho A Thoat
https://api.vietucfamily.org/storage/v1/render/image/public/VUF/images/File 18.JPG,Trao bằng khen cho sinh viên ở Kontum
https://api.vietucfamily.org/storage/v1/render/image/public/VUF/images/File 19.JPG,Trao bằng khen cho Y Tăi
https://api.vietucfamily.org/storage/v1/render/image/public/VUF/images/File 20.jpg,Đám cưới Hà Anh ở Bắc Giang
https://api.vietucfamily.org/storage/v1/render/image/public/VUF/images/File 23.jpg,Gặp lại Ất ở Hà Nội
https://api.vietucfamily.org/storage/v1/render/image/public/VUF/images/File 24.jpg,Gặp lại Lợi ở Hà Nội
https://api.vietucfamily.org/storage/v1/render/image/public/VUF/images/File 27.jpg,Gặp Trang và Ngọc Ánh ở Hà Nội
https://api.vietucfamily.org/storage/v1/render/image/public/VUF/images/File 28.jpg,Gặp Hạnh và Phúc ở Hà Nội
https://api.vietucfamily.org/storage/v1/render/image/public/VUF/images/File 29.jpg,Gặp gia đình Linh và Tiên ở Hà Nội
https://api.vietucfamily.org/storage/v1/render/image/public/VUF/images/File 30.jpg,Gặp lại Tuân ở Hà Nội
https://api.vietucfamily.org/storage/v1/render/image/public/VUF/images/File 31.jpg,Gặp lại Tâm ở Hà Nội
https://api.vietucfamily.org/storage/v1/render/image/public/VUF/images/File 32.jpg,Gặp Thảo ở Hà Nội
https://api.vietucfamily.org/storage/v1/render/image/public/VUF/images/File 33.jpg,Gặp lại Hùng và Nhiên ở Hà Nội
https://api.vietucfamily.org/storage/v1/render/image/public/VUF/images/File 34.jpg,Gặp Thành ở tiệc Việt Úc Hà Nội
https://api.vietucfamily.org/storage/v1/render/image/public/VUF/images/File 35.jpg,Gặp Phương ở Hà Nội
https://api.vietucfamily.org/storage/v1/render/image/public/VUF/images/File 37.JPG, Thúy và hằng tham dự tiệc họp mặt Ở thành phố Hồ Chí Minh
https://api.vietucfamily.org/storage/v1/render/image/public/VUF/images/File 38.JPG,Bình và Ánh tham dự tiệc họp mặt ở thành phố Hồ Chí Minh
https://api.vietucfamily.org/storage/v1/render/image/public/VUF/images/File 39.JPG,Ánh và chồng sắp cưới ở HCMC
https://api.vietucfamily.org/storage/v1/render/image/public/VUF/images/File 40.jpg,Đám cưới Minh ỏ Thanh Hóa 
https://api.vietucfamily.org/storage/v1/render/image/public/VUF/images/File 41.jpg,Dad tham dự đám cưới Minh ở Thanh Hóa 
https://api.vietucfamily.org/storage/v1/render/image/public/VUF/images/File 42.jpg,Gặp Đởn ỏ Hà Nội 
https://api.vietucfamily.org/storage/v1/render/image/public/VUF/images/File 43.jpg,Gap Thao o TP Ho chi minh
https://api.vietucfamily.org/storage/v1/render/image/public/VUF/images/File 44.jpg,Hà gửi lời cảm ơn đến dad 
https://api.vietucfamily.org/storage/v1/render/image/public/VUF/images/File 45.jpg,Gặp Liên và Tuấn ở Bắc Giang
https://api.vietucfamily.org/storage/v1/render/image/public/VUF/images/File 46.jpg,Gặp Hai chị em Hà và Nam ở thành phố Hồ Chí Minh
https://api.vietucfamily.org/storage/v1/render/image/public/VUF/images/File 47.jpg,Gia đình Việt Úc chia sẻ niềm vui với tuân
https://api.vietucfamily.org/storage/v1/render/image/public/VUF/images/File 48.jpg,Anh Trần Nam chia sẻ niềm vui với Tuân
https://api.vietucfamily.org/storage/v1/render/image/public/VUF/images/File 49.jpg,gia đình Việt Úc chia sẻ niềm vui với Ánh
https://api.vietucfamily.org/storage/v1/render/image/public/VUF/images/File 50.jpg,Đám cưới Ánh ở long Thành Đồng Nai
https://api.vietucfamily.org/storage/v1/render/image/public/VUF/images/File 51.jpg,Thăm gia đình Ước ở Gia Lai 
https://api.vietucfamily.org/storage/v1/render/image/public/VUF/images/File 52.jpg,Gặp gia đình Kiên và Sơn ở Gia Lai
https://api.vietucfamily.org/storage/v1/render/image/public/VUF/images/File 53.jpg,Gặp gia đình Nguyện ở Gia Lai 
https://api.vietucfamily.org/storage/v1/render/image/public/VUF/images/File 54.jpg,"Chuyến thăm Kontum ,hè 2024"
https://api.vietucfamily.org/storage/v1/render/image/public/VUF/images/File 55.jpg,Thăm gia đình O.Ri ở Kontum
https://api.vietucfamily.org/storage/v1/render/image/public/VUF/images/File 56.jpg,Thăm gia đình Duy Toàn ở Kontum
https://api.vietucfamily.org/storage/v1/render/image/public/VUF/images/File 57.jpg,Thăm gia đình Siu Toại ở Kontum
https://api.vietucfamily.org/storage/v1/render/image/public/VUF/images/File 58.jpg,Thăm gia đình A Lai ở Kontum
https://api.vietucfamily.org/storage/v1/render/image/public/VUF/images/File 59.jpg,Thăm gia đinh A Maika ở Kontum
https://api.vietucfamily.org/storage/v1/render/image/public/VUF/images/File 60.jpg,Thăm gia đình A Huk ở Kontum
https://api.vietucfamily.org/storage/v1/render/image/public/VUF/images/File 61.JPG,Trao bằng khen cho A Nguyên 
https://api.vietucfamily.org/storage/v1/render/image/public/VUF/images/File 62.JPG,Trao bằng khen cho A Trà
https://api.vietucfamily.org/storage/v1/render/image/public/VUF/images/File 64.JPG,Trao bằng khen cho A Khên
https://api.vietucfamily.org/storage/v1/render/image/public/VUF/images/File 65.JPG,Trao bằng khen cho A Kiện
https://api.vietucfamily.org/storage/v1/render/image/public/VUF/images/File 66.JPG,Trao bằng khen cho A Lai
https://api.vietucfamily.org/storage/v1/render/image/public/VUF/images/File 67.JPG,Trao bằng khen cho A Min 
https://api.vietucfamily.org/storage/v1/render/image/public/VUF/images/File 68.JPG,Trao bằng khen choi A Phai 
https://api.vietucfamily.org/storage/v1/render/image/public/VUF/images/File 69.JPG,Trao bằng khen cho A Ngọc Tuyến 
https://api.vietucfamily.org/storage/v1/render/image/public/VUF/images/File 70.JPG,Trao bằng khen cho sinh viên ở Kontum
https://api.vietucfamily.org/storage/v1/render/image/public/VUF/images/File 71.JPG,Trao bằng khen c ho sinh viên ở Kontum 
https://api.vietucfamily.org/storage/v1/render/image/public/VUF/images/File 72.JPG,Trao bằng khen cho Y Dung
https://api.vietucfamily.org/storage/v1/render/image/public/VUF/images/File 73.JPG,Trao bằng khen cho Y Duyên
https://api.vietucfamily.org/storage/v1/render/image/public/VUF/images/File 74.JPG,Trao bằng khen cho Siu Nhung 
https://api.vietucfamily.org/storage/v1/render/image/public/VUF/images/File 75.JPG,Trao bằng khen cho Y Nụ
https://api.vietucfamily.org/storage/v1/render/image/public/VUF/images/File 76.JPG,Trao bằng khen cho Diệu Khánh 
https://api.vietucfamily.org/storage/v1/render/image/public/VUF/images/File 77.JPG,Trao bằng khen cho sinh viên ở Kontum
https://api.vietucfamily.org/storage/v1/render/image/public/VUF/images/File 78.JPG,Trao bằng khen cho A Hên
https://api.vietucfamily.org/storage/v1/render/image/public/VUF/images/File 79.JPG,Trao bằng khen cho A Thoắt
https://api.vietucfamily.org/storage/v1/render/image/public/VUF/images/File 80.JPG,Trao bằng khen cho A Bảo
https://api.vietucfamily.org/storage/v1/render/image/public/VUF/images/File 81.JPG,Trao bằng khen cho A Huk
https://api.vietucfamily.org/storage/v1/render/image/public/VUF/images/File 82.JPG,Trao bằng khen cho Y Ka Ly
https://api.vietucfamily.org/storage/v1/render/image/public/VUF/images/File 83.JPG,Trao bằng khen cho sinh viên ở Kontum 
https://api.vietucfamily.org/storage/v1/render/image/public/VUF/images/File 84.JPG,Trao bằng khenm cho Y Nguyệt
https://api.vietucfamily.org/storage/v1/render/image/public/VUF/images/File 85.JPG,Trao bằng khen cho Y Cô Viên
https://api.vietucfamily.org/storage/v1/render/image/public/VUF/images/File 86.JPG,Trao bằng khen cho Thanh Long
https://api.vietucfamily.org/storage/v1/render/image/public/VUF/images/File 87.jpg,Trao bằng khen cho Thanh Lâm 
https://api.vietucfamily.org/storage/v1/render/image/public/VUF/images/File 88.jpg,Trao bằng khen cho Tuấn Đạt
https://api.vietucfamily.org/storage/v1/render/image/public/VUF/images/File 89.jpg,Trao bằng khen cho Đinh Linh
https://api.vietucfamily.org/storage/v1/render/image/public/VUF/images/File 90.jpg,Trao băng khen cho Trọng Minh
https://api.vietucfamily.org/storage/v1/render/image/public/VUF/images/File 91.jpg,Trao bằng khen cho sinh viên ở Ha Nội
https://api.vietucfamily.org/storage/v1/render/image/public/VUF/images/File 92.jpg,Phúc tặng hoa chúc mừng Dad
https://api.vietucfamily.org/storage/v1/render/image/public/VUF/images/File 94.jpg,Thành viên Viet Uc Family ở Hà Nội
https://api.vietucfamily.org/storage/v1/render/image/public/VUF/images/File 95.jpg,Gặp gỡ gia đình Đinh Linh và Đinh Tiên
https://api.vietucfamily.org/storage/v1/render/image/public/VUF/images/File 96.jpg,Gặp Quân và Thanh ở tiệc Viet Uc Hà Nội
https://api.vietucfamily.org/storage/v1/render/image/public/VUF/images/File 97.jpg,Trao bằng khen cho Trần Lợi
https://api.vietucfamily.org/storage/v1/render/image/public/VUF/images/File 98.jpg,"Phấn , Công và Tâm chụp hình chung với Dad"
https://api.vietucfamily.org/storage/v1/render/image/public/VUF/images/File 99.jpg,Các thành viên Việt Úc tham dự party tại Hà Nội
https://api.vietucfamily.org/storage/v1/render/image/public/VUF/images/File 100.jpg,Thành viên Viet Úc dự tiệc ở Hà Nội
https://api.vietucfamily.org/storage/v1/render/image/public/VUF/images/File 102.jpg,Gặp Đức và Tài ở Viet Uc party Ha noi
https://api.vietucfamily.org/storage/v1/render/image/public/VUF/images/File 103.jpg,Thành viên Việt Úc chúc mưng Dad
https://api.vietucfamily.org/storage/v1/render/image/public/VUF/images/File 104.jpg,Gặp Thanh Lâm và mẹ anh ta ở Hà Nội
https://api.vietucfamily.org/storage/v1/render/image/public/VUF/images/File 105.JPG,Khoảnh khắc Ba của Huyen sau lời phát biểu cảm ơn ở TPHCM
https://api.vietucfamily.org/storage/v1/render/image/public/VUF/images/File 106.JPG,Gia đình Huyền chụp hình lưu niệm với Dad ở TPHCM
https://api.vietucfamily.org/storage/v1/render/image/public/VUF/images/File 108.jpg,Gặp An ở Thành Phố Hồ Chí Minh
https://api.vietucfamily.org/storage/v1/render/image/public/VUF/images/File 109.jpg,Gặp gia đình Chú Nam ở Thành Phố Hồ Chí Minh
https://api.vietucfamily.org/storage/v1/render/image/public/VUF/images/File 110.jpg,Gặp Nhật và Kiên ở TPHCM
https://api.vietucfamily.org/storage/v1/render/image/public/VUF/images/File 111.JPG,O.Ri dịch cho Dad phát biểu tại buổi lễ ở Kontum 
https://api.vietucfamily.org/storage/v1/render/image/public/VUF/images/File 112.jpg,Thăm gia đình Công ở Bắc Giang
https://api.vietucfamily.org/storage/v1/render/image/public/VUF/images/File 113.JPG,Chào đón Toàn và Việt toiwis Kontum
https://api.vietucfamily.org/storage/v1/render/image/public/VUF/images/File 114.JPG,O.Ri phát biểu tại buổi lễ của Việt Úc ở Kontum
https://api.vietucfamily.org/storage/v1/render/image/public/VUF/images/File 115.JPG,Dad tham dự buổi lễ ở Kon Tum
https://api.vietucfamily.org/storage/v1/render/image/public/VUF/images/File 116.JPG,Trao Bằng khen cho PuHey 
https://api.vietucfamily.org/storage/v1/render/image/public/VUF/images/File 117.JPG,Trao bằng khen cho A Quý
https://api.vietucfamily.org/storage/v1/render/image/public/VUF/images/File 118.JPG,Trao bằng khen cho A Thìn
https://api.vietucfamily.org/storage/v1/render/image/public/VUF/images/File 119.JPG,Trao bằng khen cho A Thú
https://api.vietucfamily.org/storage/v1/render/image/public/VUF/images/File 120.JPG,Trao bằng khên cho A Tiếng 
https://api.vietucfamily.org/storage/v1/render/image/public/VUF/images/File 121.JPG,Trao bằng khen cho A Tuyền 
https://api.vietucfamily.org/storage/v1/render/image/public/VUF/images/File 122.JPG,Trao bằng khen cho A Tuốn 
https://api.vietucfamily.org/storage/v1/render/image/public/VUF/images/File 123.JPG,Trao bằng khen cho A Tú
https://api.vietucfamily.org/storage/v1/render/image/public/VUF/images/File 124.JPG,Trao bằng khen cho A Trâm 
https://api.vietucfamily.org/storage/v1/render/image/public/VUF/images/File 125.JPG,Trao bằng khen cho O.Ri
https://api.vietucfamily.org/storage/v1/render/image/public/VUF/images/File 126.JPG,TRao bằng khen cho A Bul
https://api.vietucfamily.org/storage/v1/render/image/public/VUF/images/File 128.JPG,Trao bằng khen cho A Diệu
https://api.vietucfamily.org/storage/v1/render/image/public/VUF/images/File 129.JPG,Trao bằng khen cho A Cương
https://api.vietucfamily.org/storage/v1/render/image/public/VUF/images/File 130.JPG,Trao bằng khen cho A Dự
https://api.vietucfamily.org/storage/v1/render/image/public/VUF/images/File 131.JPG,Trao bằng khen cho A Dương
https://api.vietucfamily.org/storage/v1/render/image/public/VUF/images/File 133.JPG,Trao bằng khen cho sinh viên ở Kontum
https://api.vietucfamily.org/storage/v1/render/image/public/VUF/images/File 137.JPG,Trao bằng khen cho Ho Ky Khảo
https://api.vietucfamily.org/storage/v1/render/image/public/VUF/images/File 138.JPG,Chúc mừng các sinh viên đã tốt nghiệp ở Kontum
https://api.vietucfamily.org/storage/v1/render/image/public/VUF/images/File 140.jpg,Thành viên Viêt uc family ở Kontum
https://api.vietucfamily.org/storage/v1/render/image/public/VUF/images/File 141.JPG,Trao bằng khen cho Y Ly Wừng
https://api.vietucfamily.org/storage/v1/render/image/public/VUF/images/File 142.JPG,Trao bằng khen cho Khảo và Wừng
https://api.vietucfamily.org/storage/v1/render/image/public/VUF/images/File 143.JPG,Trao bằng khen cho A Lis và A Ta
https://api.vietucfamily.org/storage/v1/render/image/public/VUF/images/File 144.jpg,Đinh Linh khai mạc lễ trao bằng khên tại Hà Nội
https://api.vietucfamily.org/storage/v1/render/image/public/VUF/images/File 145.jpg,Trao bằng khen cho Ngọc Chiến tại Hà Nội
https://api.vietucfamily.org/storage/v1/render/image/public/VUF/images/File 146.jpg,Trao bằng khen cho Lợi ở Hà Nội
https://api.vietucfamily.org/storage/v1/render/image/public/VUF/images/File 147.JPG,Trao bằng khen cho Hiếu Tại thành phố Hồ Chí Minh
https://api.vietucfamily.org/storage/v1/render/image/public/VUF/images/File 148.JPG,Gặp gia đình Hải ở thành phố Hồ Chí Minh
https://api.vietucfamily.org/storage/v1/render/image/public/VUF/images/File 149.JPG,Mai gửi lời yêu thương đến dad 
https://api.vietucfamily.org/storage/v1/render/image/public/VUF/images/File 150.JPG,Hoài và bình Tặng Dad món quà kỷ niệm
https://api.vietucfamily.org/storage/v1/render/image/public/VUF/images/File 151.JPG,Gặp Huyền và bình ở thành phố Hồ Chí Minh
https://api.vietucfamily.org/storage/v1/render/image/public/VUF/images/File152.jpg,Phương Thảo phát biểu cảm ơn Việt Úc trong lễ tốt nghiệp
https://api.vietucfamily.org/storage/v1/render/image/public/VUF/images/File154.jpg,Lâm và mẹ anh ấy tại tiệc Việt Úc 
https://api.vietucfamily.org/storage/v1/render/image/public/VUF/images/File155.jpg,Gặp Hoàng Nụ tại lễ gặp mặt ở Hà Nội
https://api.vietucfamily.org/storage/v1/render/image/public/VUF/images/File156.jpg,Đởn chụp ảnh lưu niệm với Dad
https://api.vietucfamily.org/storage/v1/render/image/public/VUF/images/File158.jpg,Thu Diễm lần đầu tham dưj Viet Úc party 
https://api.vietucfamily.org/storage/v1/render/image/public/VUF/images/File160.jpg,Tâm chụp ảnh chung với Dad
https://api.vietucfamily.org/storage/v1/render/image/public/VUF/images/File163.jpg,Phương Thảo phát biểu cảm ơn Dad ở Hà Nội
https://api.vietucfamily.org/storage/v1/render/image/public/VUF/images/File164.jpg,Trao bằng khen cho Phương Thảo 
https://api.vietucfamily.org/storage/v1/render/image/public/VUF/images/File165.jpg,Gặp lại Độ ở Hà Nội
https://api.vietucfamily.org/storage/v1/render/image/public/VUF/images/File166.jpg,Gặp lại Duyên ở Hà Nội
https://api.vietucfamily.org/storage/v1/render/image/public/VUF/images/File167.jpg,Gặp gia đình Thành ở Hà Nội
https://api.vietucfamily.org/storage/v1/render/image/public/VUF/images/File168.jpg,Bố của Đinh Linh và Dad
https://api.vietucfamily.org/storage/v1/render/image/public/VUF/images/File169.jpg,Dad và Dương chụp hình chung ở Hà Nội
https://api.vietucfamily.org/storage/v1/render/image/public/VUF/images/File170.jpg,Dad gặp Huy tại buổi tiệc Viet Uc ở Hà Nội
https://api.vietucfamily.org/storage/v1/render/image/public/VUF/images/File171.jpg,Dad gặp Khoái ở Hà Nội
https://api.vietucfamily.org/storage/v1/render/image/public/VUF/images/File172.jpg,Gặp Minh ở Ha Noi
https://api.vietucfamily.org/storage/v1/render/image/public/VUF/images/File173.jpg,Gặp Long ở Hà Nội
https://api.vietucfamily.org/storage/v1/render/image/public/VUF/images/File174.jpg,Gặp Sơn ở Ha Noi
https://api.vietucfamily.org/storage/v1/render/image/public/VUF/images/File175.JPG,Các Con trai việt uc ở thành phố Hồ Chí Minh
https://api.vietucfamily.org/storage/v1/render/image/public/VUF/images/File176.JPG,Các con trai VietUc Family ở Thành phố Hồ Chí Minh
https://api.vietucfamily.org/storage/v1/render/image/public/VUF/images/File177.JPG,Sơ hoa gặp lại dad Sau nhiều năm đi tu 
https://api.vietucfamily.org/storage/v1/render/image/public/VUF/images/File178.JPG,Các chàng trai tranh thủ chụp hình
https://api.vietucfamily.org/storage/v1/render/image/public/VUF/images/File179.JPG,Gặp kim và Phú ở thành phố Hồ Chí Minh
https://api.vietucfamily.org/storage/v1/render/image/public/VUF/images/File180.JPG,Gặp Trang ở thành phố Hồ Chí Minh
https://api.vietucfamily.org/storage/v1/render/image/public/VUF/images/File181.JPG,Gặp Anh Triệu và chị gái bạn của Dad 
https://api.vietucfamily.org/storage/v1/render/image/public/VUF/images/File182.JPG,Gặp Cường Nhật về Kiên ở thành phố Hồ Chí Minh
https://api.vietucfamily.org/storage/v1/render/image/public/VUF/images/File183.JPG,"Bình,Hằng,Yến và Thuý Tham dự tiệc Việt Úc Ở thành phố Hồ Chí Minh"
https://api.vietucfamily.org/storage/v1/render/image/public/VUF/images/File184.JPG,Gặp hoài và bình ở thành phố Hồ Chí Minh
https://api.vietucfamily.org/storage/v1/render/image/public/VUF/images/File185.JPG,Các em sinh viên nữ ở thành phố Hồ Chí Minh
https://api.vietucfamily.org/storage/v1/render/image/public/VUF/images/File186.JPG,Gặp nhật và Kiên ở thành phố Hồ Chí Minh
https://api.vietucfamily.org/storage/v1/render/image/public/VUF/images/File187.JPG,Gặp cảnh ở thành phố Hồ Chí Minh
https://api.vietucfamily.org/storage/v1/render/image/public/VUF/images/File188.JPG,Gặp Hà ở thành phố Hồ Chí Minh
https://api.vietucfamily.org/storage/v1/render/image/public/VUF/images/File189.JPG,Hiếu tặng dad bó hoa để tỏ lòng biết ơn
https://api.vietucfamily.org/storage/v1/render/image/public/VUF/images/File190.JPG,Ba của Huyền phát biểu cảm nghĩ trong buổi lễ trao bằng khen ở thành phố Hồ Chí Minh
https://api.vietucfamily.org/storage/v1/render/image/public/VUF/images/File191.JPG,Chúc mừng đến Minh Trong buổi lễ bằng khen ở thành phố Hồ Chí Minh
https://api.vietucfamily.org/storage/v1/render/image/public/VUF/images/File192.JPG,Trao giấy khen cho sinh viên tốt nghiệp ở thành phố Hồ Chí Minh
https://api.vietucfamily.org/storage/v1/render/image/public/VUF/images/File193.JPG,Buổi họp mặt gia đình Việt Úc ở thành phố Hồ Chí Minh
https://api.vietucfamily.org/storage/v1/render/image/public/VUF/images/File194.JPG,Chúc mừng buổi họp mặt Việt Úc ở thành phố Hồ Chí Minh
https://api.vietucfamily.org/storage/v1/render/image/public/VUF/images/File195.JPG,Gia đình Hưng Loan hạnh phúc khi gặp lại cha tại tiệc việt úc 2024
https://api.vietucfamily.org/storage/v1/render/image/public/VUF/images/File196.JPG,Gặp đạo ở thành phố Hồ Chí Minh
https://api.vietucfamily.org/storage/v1/render/image/public/VUF/images/File197.JPG,Gặp vân ở thành phố Hồ Chí Minh
https://api.vietucfamily.org/storage/v1/render/image/public/VUF/images/File198.JPG,Gặp Dần ở thành phố Hồ Chí Minh
https://api.vietucfamily.org/storage/v1/render/image/public/VUF/images/File199.JPG,Gặp Sơn ở thành phố Hồ Chí Minh
https://api.vietucfamily.org/storage/v1/render/image/public/VUF/images/File200.JPG,"Duy, Nên tại buổi gặp mặt ở Thành phố Hồ Chí Minh"
https://api.vietucfamily.org/storage/v1/render/image/public/VUF/images/File201.JPG,Con trai con gái Việt Úc vui Hát
https://api.vietucfamily.org/storage/v1/render/image/public/VUF/images/File 202.JPG,Cường và Dad ở Thanh Hóa
https://api.vietucfamily.org/storage/v1/render/image/public/VUF/images/File 203.JPG,Gặp Tuấn ở Tp HCM
https://api.vietucfamily.org/storage/v1/render/image/public/VUF/images/File 204.JPG,Đám cưới hằng ở thành phố Hồ Chí Minh
https://api.vietucfamily.org/storage/v1/render/image/public/VUF/images/File 205.JPG,Gặp gia đinh Sơn và Kiên ở Gia Lai
https://api.vietucfamily.org/storage/v1/render/image/public/VUF/images/File 206.JPG,Chào mừng đến Kontum
https://api.vietucfamily.org/storage/v1/render/image/public/VUF/images/File 207.JPG,Thăm gia đình Siu Liêm ở Kontum
https://api.vietucfamily.org/storage/v1/render/image/public/VUF/images/File 208.JPG,Thăm gia đình A Triều ở Kontum
https://api.vietucfamily.org/storage/v1/render/image/public/VUF/images/File 209.JPG,Thăm gia đình Duy Toàn ở Kontum
https://api.vietucfamily.org/storage/v1/render/image/public/VUF/images/File 210.JPG,Thăm gia đình A Pháp ở Kontum
https://api.vietucfamily.org/storage/v1/render/image/public/VUF/images/File 211.JPG,Thăm cửa hàng hàng kinh doanh của A Nhật
https://api.vietucfamily.org/storage/v1/render/image/public/VUF/images/File 213.JPG,Thăm gia đình A MaiKa ở Kontum
https://api.vietucfamily.org/storage/v1/render/image/public/VUF/images/File 214.JPG,Thăm gia đình A Hiệp và A Sĩ ở Kontum
https://api.vietucfamily.org/storage/v1/render/image/public/VUF/images/File 215.JPG,Thăm gia đình Y Lưng ở Kontum
https://api.vietucfamily.org/storage/v1/render/image/public/VUF/images/File 216.JPG, Thăm gia đình A Huk ở Kontum
https://api.vietucfamily.org/storage/v1/render/image/public/VUF/images/File 217.jpg,Gia đình Ân sống tại thành phố Hồ Chí Minh
https://api.vietucfamily.org/storage/v1/render/image/public/VUF/images/File 218.jpg,Niềm vui của gia đình Lan với con dau lòng 
https://api.vietucfamily.org/storage/v1/render/image/public/VUF/images/File 219.jpg,Gia đình Y Siu Long ở Kontum
https://api.vietucfamily.org/storage/v1/render/image/public/VUF/images/File 220.jpg,Đám cưới Y Ka Ly ở Kontum
https://api.vietucfamily.org/storage/v1/render/image/public/VUF/images/File 221.jpg,Thăm gia đình A Bảo ở Kon tum
https://api.vietucfamily.org/storage/v1/render/image/public/VUF/images/File 223.jpg,Lương hạnh phúc bên chồng và hai con
https://api.vietucfamily.org/storage/v1/render/image/public/VUF/images/File 224.jpg,Triệu tham gia chơi bóng đá Viet Úc ở Hà Nội 
https://api.vietucfamily.org/storage/v1/render/image/public/VUF/images/File 225.jpg,Gia đình Tình thăm lăng chủ tịch Hồ chí Minh
https://api.vietucfamily.org/storage/v1/render/image/public/VUF/images/File 226.jpg,"Gia đình Quân và Thanh , Hà Nội"
https://api.vietucfamily.org/storage/v1/render/image/public/VUF/images/File 227.jpg,Gia đình Phạm Phương (Hà Nội ) thăm thác Bản Dốc
https://api.vietucfamily.org/storage/v1/render/image/public/VUF/images/File 228.jpg,Gia đình Tiện và bố ở Thanh Hóa 
https://api.vietucfamily.org/storage/v1/render/image/public/VUF/images/File 229.jpg,Gia đình Hơ Ky Khảo ở Kontum
https://api.vietucfamily.org/storage/v1/render/image/public/VUF/images/File 230.jpg,Gia đình Dương ở Thanh Hóa
https://api.vietucfamily.org/storage/v1/render/image/public/VUF/images/File 231.jpg,Gia đình Phúc ở Hà Nội
https://api.vietucfamily.org/storage/v1/render/image/public/VUF/images/File 232.jpg,Gia đinh Y Ngoại và A Sroih ở Kontum
https://api.vietucfamily.org/storage/v1/render/image/public/VUF/images/File 233.jpg, Liên và con gái cô ấy ở Bắc Giang
https://api.vietucfamily.org/storage/v1/render/image/public/VUF/images/File 234.jpg,Hai anh em Cha Hùng và Sơ Hằng trong ngày lễ khấn
https://api.vietucfamily.org/storage/v1/render/image/public/VUF/images/File 235.jpg,Gia đình Huy Ất
https://api.vietucfamily.org/storage/v1/render/image/public/VUF/images/File 236.jpg,Thúy cùng gia đình du xuân ở Đà Nẵng
https://api.vietucfamily.org/storage/v1/render/image/public/VUF/images/File 238.jpg,Gia đình hoài sống ở thành phố Hồ Chí Minh
https://api.vietucfamily.org/storage/v1/render/image/public/VUF/images/File 240.jpg,Gia đình Nguyễn Lan ở Bà Rịa
https://api.vietucfamily.org/storage/v1/render/image/public/VUF/images/File 241.jpg,Gia đình Phương tham dự lễ cưới của em gái
https://api.vietucfamily.org/storage/v1/render/image/public/VUF/images/File 243.jpg,Gia đình Trần Viễn ở Thái Bình 
https://api.vietucfamily.org/storage/v1/render/image/public/VUF/images/File 244.jpg,Gia đình Sơn ở Nam Định
https://api.vietucfamily.org/storage/v1/render/image/public/VUF/images/File 245.jpg,Gia đình Thuận ở HCM
https://api.vietucfamily.org/storage/v1/render/image/public/VUF/images/File 246.jpg,Gia đình Lệ ở Hà Nội
https://api.vietucfamily.org/storage/v1/render/image/public/VUF/images/File 247.jpg,uy komtum rạng rỡ trong mùa giáng sinh
https://api.vietucfamily.org/storage/v1/render/image/public/VUF/images/File 248.jpg,Đám cưới Hoài ở Thanh Hóa 
https://api.vietucfamily.org/storage/v1/render/image/public/VUF/images/File 251.jpg,Gia đình Tiên ở HCM
https://api.vietucfamily.org/storage/v1/render/image/public/VUF/images/File 252.jpg,Gia đình Nhân ở Hà Nội
https://api.vietucfamily.org/storage/v1/render/image/public/VUF/images/File 253.jpg,Gia đình Hoán ở Hà Nội
https://api.vietucfamily.org/storage/v1/render/image/public/VUF/images/File 254.jpg,Gia đình Việt sống ở Hà Nội
https://api.vietucfamily.org/storage/v1/render/image/public/VUF/images/File 255.jpg,Thái cùng gia đình đi tham quan công viên chim
https://api.vietucfamily.org/storage/v1/render/image/public/VUF/images/File 256.jpg,Gia đình Hồng ở Hà Nội
https://api.vietucfamily.org/storage/v1/render/image/public/VUF/images/File 257.jpg,Thành và linh cùng gia đình đón tết 2022
https://api.vietucfamily.org/storage/v1/render/image/public/VUF/images/File 258.jpg,Gia đình Hải đang sống ở thành phố Hồ Chí Minh
https://api.vietucfamily.org/storage/v1/render/image/public/VUF/images/File 259.jpg,Gia đình Lan sống ở thành phố Hồ Chí Minh
https://api.vietucfamily.org/storage/v1/render/image/public/VUF/images/File 260.jpg,Gia đình Hoàng ở Nhật
https://api.vietucfamily.org/storage/v1/render/image/public/VUF/images/File 261.jpg,Gia đình O.Ri ở Kontum
https://api.vietucfamily.org/storage/v1/render/image/public/VUF/images/File 262.jpg,Đám cưới Diệu Khánh ở Kontum
https://api.vietucfamily.org/storage/v1/render/image/public/VUF/images/File 263.jpg,Gia đình Trịnh Dũng ở Hà Nội
https://api.vietucfamily.org/storage/v1/render/image/public/VUF/images/File 264.jpg,Gia đình Thanh ở Nam Định
https://api.vietucfamily.org/storage/v1/render/image/public/VUF/images/File 266.jpg,Mừng thôi nôi con trai của Y Ly Wững ở Kon Tum
https://api.vietucfamily.org/storage/v1/render/image/public/VUF/images/File 267.jpg,Gia đình Xuân ở Gia Lai
https://api.vietucfamily.org/storage/v1/render/image/public/VUF/images/File 268.jpg,Gia đình Đặng ở Thanh Hóa 
https://api.vietucfamily.org/storage/v1/render/image/public/VUF/images/File 269.jpg,"Gia đình Thiên ở Phúc Thọ, Hà Nội"
https://api.vietucfamily.org/storage/v1/render/image/public/VUF/images/File 270.jpg,Gia đình Y Yến ở HCM
https://api.vietucfamily.org/storage/v1/render/image/public/VUF/images/File 271.jpg,Gia đình Tin ở Phú Quốc
https://api.vietucfamily.org/storage/v1/render/image/public/VUF/images/File 274.jpg,Gia đình Phúc ở Hà Nội
https://api.vietucfamily.org/storage/v1/render/image/public/VUF/images/File 275.jpg,Niềm vui của Huyền bên gia đình nhỏ
https://api.vietucfamily.org/storage/v1/render/image/public/VUF/images/File 276.jpg,Gia đình Cúc ở Thanh Hóa 
https://api.vietucfamily.org/storage/v1/render/image/public/VUF/images/File 277.jpg,Gia đình Cúc ở Thanh Hóa
https://api.vietucfamily.org/storage/v1/render/image/public/VUF/images/File 278.jpg,Gia đình Cúc ở Thanh Hóa 
https://api.vietucfamily.org/storage/v1/render/image/public/VUF/images/File 279.jpg,Bác sĩ Triệu Cùng gia đình đi Du lịch
https://api.vietucfamily.org/storage/v1/render/image/public/VUF/images/File 280.jpg,Gia đình Thùy ở Hà Nam 
https://api.vietucfamily.org/storage/v1/render/image/public/VUF/images/File 281.jpg,Gia đình Trần Viễn ở Thái Bình 
https://api.vietucfamily.org/storage/v1/render/image/public/VUF/images/File 282.jpg,Gia đình Chuyền ở Nam Định
https://api.vietucfamily.org/storage/v1/render/image/public/VUF/images/File 283.jpg,Gia đình Hiên ở Nam Định
https://api.vietucfamily.org/storage/v1/render/image/public/VUF/images/File 284.jpg,Khoảnh khắc hài hước của Thắng
https://api.vietucfamily.org/storage/v1/render/image/public/VUF/images/File 285.jpg,Gia đình Tho sống ở Bà Rịa Vũng Tàu
https://api.vietucfamily.org/storage/v1/render/image/public/VUF/images/File 286.jpg,Mai sống ở thành phố Hồ Chí Minh
https://api.vietucfamily.org/storage/v1/render/image/public/VUF/images/File 287.jpg,Gặp Tuấn ở Bắc Giang 
https://api.vietucfamily.org/storage/v1/render/image/public/VUF/images/File 288.jpg,KaLy Tran và con trai ở Kontum
https://api.vietucfamily.org/storage/v1/render/image/public/VUF/images/File 289.jpg,Y Dung và con gái ở Kontum
https://api.vietucfamily.org/storage/v1/render/image/public/VUF/images/File 290.jpg,Bác sĩ Nhuệ Giang cùng vợ và hai con
https://api.vietucfamily.org/storage/v1/render/image/public/VUF/images/File 291.jpg,Thăm gia đình A Duyệt ở Kontum
https://api.vietucfamily.org/storage/v1/render/image/public/VUF/images/File 292.jpg,"Gia đình Mai ở Yên Đồng, Ý Yên, Nam Định "
https://api.vietucfamily.org/storage/v1/render/image/public/VUF/images/File 293.jpg,hà cùng chồng say đắm tại Hà Giang
https://api.vietucfamily.org/storage/v1/render/image/public/VUF/images/File 294.jpg,"Trình, gia đình Lành và em gái"
https://api.vietucfamily.org/storage/v1/render/image/public/VUF/images/File 295.jpg,"Gia đình Long , Lợi ở Nga Sơn, Thanh Hóa "
https://api.vietucfamily.org/storage/v1/render/image/public/VUF/images/File 296.jpg,Gia đình Hoa ở tp Nam Định
https://api.vietucfamily.org/storage/v1/render/image/public/VUF/images/File 297.jpg,Gia đình Hòe ở Thanh Hóa 
https://api.vietucfamily.org/storage/v1/render/image/public/VUF/images/File 298.jpg,Đám cưới Dung ở Thanh Hóa 
https://api.vietucfamily.org/storage/v1/render/image/public/VUF/images/File 299.jpg,Toàn và gia đình ở ở Vĩnh Long
https://api.vietucfamily.org/storage/v1/render/image/public/VUF/images/File 300.jpg,Sr Hòa ở Nam Định
https://api.vietucfamily.org/storage/v1/render/image/public/VUF/images/File 301.jpg,Việt và Toàn thăm Kontum
https://api.vietucfamily.org/storage/v1/render/image/public/VUF/images/File 302.jpg,Bảo và đại gia đình ở Thái Nguyên
https://api.vietucfamily.org/storage/v1/render/image/public/VUF/images/File 303.jpg,Gia đình A Lis ở Kontum
https://api.vietucfamily.org/storage/v1/render/image/public/VUF/images/File 304.jpg,Hương và vợ ở Đà Nẵng
https://api.vietucfamily.org/storage/v1/render/image/public/VUF/images/File 305.jpg,"Gia đình Lương ở Xuân Hòa , Vĩnh Phúc"
https://api.vietucfamily.org/storage/v1/render/image/public/VUF/images/File 306.jpg,Siu Bal gặp Dad ở HCM
https://api.vietucfamily.org/storage/v1/render/image/public/VUF/images/File 307.jpg,Thăm gia đình Ước ở Gia Lai
https://api.vietucfamily.org/storage/v1/render/image/public/VUF/images/File 308.jpg,Gia đình Nên sống ở thành phố Hồ Chí Minh
https://api.vietucfamily.org/storage/v1/render/image/public/VUF/images/File 309.jpg,Gia đình Thúy hằng Chiến ở thanh hóa
https://api.vietucfamily.org/storage/v1/render/image/public/VUF/images/File 310.jpg,Diễm tây ninh rạng rỡ bên cây thông noel
https://api.vietucfamily.org/storage/v1/render/image/public/VUF/images/File 311.jpg,Niềm vui Đạt và Xinh mừng con được rửa tội ở Kon Tum
https://api.vietucfamily.org/storage/v1/render/image/public/VUF/images/File 312.jpg,Gia đình Hằng ở HCM
https://api.vietucfamily.org/storage/v1/render/image/public/VUF/images/File 313.jpg,Gia đình A Lis ở Kontum
https://api.vietucfamily.org/storage/v1/render/image/public/VUF/images/File 314.jpg,Gia đình đậu ở thanh hóa
https://api.vietucfamily.org/storage/v1/render/image/public/VUF/images/File 315.jpg,Gia đinh A Dep ở Kontum
https://api.vietucfamily.org/storage/v1/render/image/public/VUF/images/File 316.jpg,Gia đình Cường ở Biên Hòa 
https://api.vietucfamily.org/storage/v1/render/image/public/VUF/images/File 317.jpg,Gia đình A Nglunh ở Kontum
https://api.vietucfamily.org/storage/v1/render/image/public/VUF/images/File 318.jpg,Gia đình A Nam ở Kontum
https://api.vietucfamily.org/storage/v1/render/image/public/VUF/images/File 319.jpg,Gia đình em Hảo ở Thái Nguyên
https://api.vietucfamily.org/storage/v1/render/image/public/VUF/images/File 320.jpg,Gia đình MiRa ở Kontum
https://api.vietucfamily.org/storage/v1/render/image/public/VUF/images/File 321.jpg,Gia đình Y Gòn ở Kontum
https://api.vietucfamily.org/storage/v1/render/image/public/VUF/images/File 322.jpg,Gia đình Oanh ở Kontum
https://api.vietucfamily.org/storage/v1/render/image/public/VUF/images/File 323.jpg,Cô giáo Thuý dạy học ở Nghe em
https://api.vietucfamily.org/storage/v1/render/image/public/VUF/images/File 324.jpg,Nhung in Kontum 
https://api.vietucfamily.org/storage/v1/render/image/public/VUF/images/File 325.jpg,Gia đình Hà Anh ở Bắc Giang
https://api.vietucfamily.org/storage/v1/render/image/public/VUF/images/File 326.jpg,Gặp gia đình Dũng ở thành phố Hồ Chí Minh
https://api.vietucfamily.org/storage/v1/render/image/public/VUF/images/File 327.jpg,Gia đình Thương ở Quảng Bình
https://api.vietucfamily.org/storage/v1/render/image/public/VUF/images/File 328.jpg,Niềm vui của Tuyết sau giờ làm việc ở TPHCM
https://api.vietucfamily.org/storage/v1/render/image/public/VUF/images/File 329.jpg,Gia đình Khảm ở Hà Nội
https://api.vietucfamily.org/storage/v1/render/image/public/VUF/images/File 330.jpg,Gia đình Duy ở HCM
https://api.vietucfamily.org/storage/v1/render/image/public/VUF/images/File 331.jpg,Gia đình Hà ở Hà Tĩnh 
https://api.vietucfamily.org/storage/v1/render/image/public/VUF/images/File 332.jpg,Gia đình Tế ở Sài Gòn
https://api.vietucfamily.org/storage/v1/render/image/public/VUF/images/File 333.jpg,Gia đình Nhân ở HCM
https://api.vietucfamily.org/storage/v1/render/image/public/VUF/images/File 334.jpg,Gia đình Tưởng ở Nam định
https://api.vietucfamily.org/storage/v1/render/image/public/VUF/images/File 336.jpg,Đám cưới Thủy ở Thanh Hóa 
https://api.vietucfamily.org/storage/v1/render/image/public/VUF/images/File 337.jpg,Bình cùng gia đình đón giáng sinh ở Thanh hoa 
https://api.vietucfamily.org/storage/v1/render/image/public/VUF/images/File 338.jpg,Gia đình Nhiên ở Hà Nội
https://api.vietucfamily.org/storage/v1/render/image/public/VUF/images/File 339.jpg,Gia đình long sống ở Quảng Bình
https://api.vietucfamily.org/storage/v1/render/image/public/VUF/images/File 340.jpg,Đám cưới Đat ở Oslo Nauy
https://api.vietucfamily.org/storage/v1/render/image/public/VUF/images/File 341.jpg,Son cùng con gái ở Bình Phước
https://api.vietucfamily.org/storage/v1/render/image/public/VUF/images/File 342.jpg,Thăm Phú ở phòng trọ ở Tp hcm sau khi tái khám bệnh 
https://api.vietucfamily.org/storage/v1/render/image/public/VUF/images/File 343.jpg,Đám cưới Hường ở thành phố Hồ Chí Minh
https://api.vietucfamily.org/storage/v1/render/image/public/VUF/images/File 344.jpg,Sương Đón giáng sinh ở Seoul Hàn Quốc
https://api.vietucfamily.org/storage/v1/render/image/public/VUF/images/File 345.jpg,Thức cùng gia đình leo núi ở Bà Rịa
https://api.vietucfamily.org/storage/v1/render/image/public/VUF/images/File 346.jpg,Ánh cùng con đi dã ngoại
https://api.vietucfamily.org/storage/v1/render/image/public/VUF/images/File 347.jpg,Bác sĩ Hiền cùng gia đình đi dã ngoại
https://api.vietucfamily.org/storage/v1/render/image/public/VUF/images/File 348.jpg,Hương và Thảo tổ chức sinh nhật mẹ 54 tuổi 
https://api.vietucfamily.org/storage/v1/render/image/public/VUF/images/File 349.jpg,Gia đình Lai đi lễ nhà thờ Ở Mỹ
https://api.vietucfamily.org/storage/v1/render/image/public/VUF/images/File 350.jpg,Linh sống ở bảo lộc Lâm đồng
https://api.vietucfamily.org/storage/v1/render/image/public/VUF/images/File 351.jpg,Thuỷ cùng gia đình ở Thái Nguyên
https://api.vietucfamily.org/storage/v1/render/image/public/VUF/images/File 352.jpg,Gia đình Lương ở Australia
https://api.vietucfamily.org/storage/v1/render/image/public/VUF/images/File 353.jpg,Thoi và con trai ở Nam định
https://api.vietucfamily.org/storage/v1/render/image/public/VUF/images/File 354.jpg,Anh Nam tham quan Sydney
https://api.vietucfamily.org/storage/v1/render/image/public/VUF/images/File 355.jpg,Gia đình Phượng ở thanh hóa
https://api.vietucfamily.org/storage/v1/render/image/public/VUF/images/File 357.jpg,Quỳnh hạnh phúc với hai con ở Hà Nội 
https://api.vietucfamily.org/storage/v1/render/image/public/VUF/images/File 358.jpg,Niềm vui ba mẹ khi Nhựt trở về từ Phần Lan 
https://api.vietucfamily.org/storage/v1/render/image/public/VUF/images/File 359.jpg,Thành tốt nghiệp tại trường chính trị tỉnh bến tre
https://api.vietucfamily.org/storage/v1/render/image/public/VUF/images/File 360.jpg,Gia đình Sa ở Hà Nội
https://api.vietucfamily.org/storage/v1/render/image/public/VUF/images/IMG_0966.jpeg,Mai cùng gia đình đi du lịch
https://api.vietucfamily.org/storage/v1/render/image/public/VUF/images/DSC_7615.JPG,Gặp Ba Mẹ của Nhựt ở TPHCM
https://api.vietucfamily.org/storage/v1/render/image/public/VUF/images/DSC_7692.JPG,Các con gái thả tym chụp hình cùng Dad và anh Cung
https://api.vietucfamily.org/storage/v1/render/image/public/VUF/images/DSC_8030.JPG,"Đại gia đình Kim, Phú, Ân, Mai và Tuấn chụp hình lưu niệm cùng Dad o TPHCM"
https://api.vietucfamily.org/storage/v1/render/image/public/VUF/images/DSC_8084.JPG,Các con gái xinh đẹp tạo dáng chụp hình ở TPHCM
https://api.vietucfamily.org/storage/v1/render/image/public/VUF/images/DSC_8088.JPG,Con trai và con gái Viet Uc tạo kiểu chụp hình đáng yêu
https://api.vietucfamily.org/storage/v1/render/image/public/VUF/images/LOV_0816.JPG,Niềm vui Ba của Hiếu khi đến tham dự Lễ Trao Bằng Khen ở TPHCM
https://api.vietucfamily.org/storage/v1/render/image/public/VUF/images/LOV_0831.JPG,Lễ và Hoàng trò chuyện thân mật với Dad
https://api.vietucfamily.org/storage/v1/render/image/public/VUF/images/LOV_0834.JPG,Các em sinh viên Viet Uc ở TPHCM
https://api.vietucfamily.org/storage/v1/render/image/public/VUF/images/LOV_0896.JPG,"Cảnh, Trí, Tú và Lan tại buổi tiệc họp mặt ở TPHCM"
https://api.vietucfamily.org/storage/v1/render/image/public/VUF/images/LOV_0911.JPG,Ánh và Y Uy vui cười tại buổi tiệc họp mặt ở TPHCM
https://api.vietucfamily.org/storage/v1/render/image/public/VUF/images/LOV_0927.JPG,Gặp Nhị ở TPHCM
https://api.vietucfamily.org/storage/v1/render/image/public/VUF/images/LOV_0929.JPG,Gặp Tú ở TP HCM
https://api.vietucfamily.org/storage/v1/render/image/public/VUF/images/LOV_0940.JPG,Niêm vui của Tuấn khi gặp lại Dad
https://api.vietucfamily.org/storage/v1/render/image/public/VUF/images/LOV_0964.JPG,Gia đình VIet Uc múa hát cùng nhau vui vẻ trong buổi họp mặt ở TPHCM
https://api.vietucfamily.org/storage/v1/render/image/public/VUF/images/LOV_0978.JPG,Viet Uc hân hạnh đón tiếp anh Sơn và công ty STD&S
https://api.vietucfamily.org/storage/v1/render/image/public/VUF/images/LOV_0995.JPG,Những nụ cười trong buổi tiệc họp mặt ở TPHCM
https://api.vietucfamily.org/storage/v1/render/image/public/VUF/images/LOV_1204.JPG,"Một Hai Ba Zô, chúng ta là 1 gia đình"
https://api.vietucfamily.org/storage/v1/render/image/public/VUF/images/LOV_1250.JPG,Nào cùng hát lên cho quả tim nối kết trái tim
https://api.vietucfamily.org/storage/v1/render/image/public/VUF/images/LOV_1282.JPG,Các con gửi lời cảm ơn đến Dad
https://api.vietucfamily.org/storage/v1/render/image/public/VUF/images/LOV_1284 (1).JPG,Các con gửi lời cảm ơn đến Dad
https://api.vietucfamily.org/storage/v1/render/image/public/VUF/images/LOV_1327.JPG,Các con vui nhảy cùng Cha tại buổi tiệc
https://api.vietucfamily.org/storage/v1/render/image/public/VUF/images/LOV_1336.JPG,Gia đình Viet Uc Nối vòng tay lớn
https://api.vietucfamily.org/storage/v1/render/image/public/VUF/images/LOV_1342.JPG,Các con gửi cử chỉ yêu thương đến Cha của mình
https://api.vietucfamily.org/storage/v1/render/image/public/VUF/images/IMG_0972.jpeg,Chanh tham quan danh lam thắng cảnh miền Bắc 
https://api.vietucfamily.org/storage/v1/object/public/VUF/images/11.jpg,Gia đình Huyền chia sẻ niềm vui Hồng Ân Vĩnh Khấn với chị Gái 
https://api.vietucfamily.org/storage/v1/object/public/VUF/images/DSC_7550.JPG,Áo đồng phục Việt Úc năm 2023 
https://api.vietucfamily.org/storage/v1/object/public/VUF/images/DSC_7573.JPG,Gặp Lan ở Tphcm năm 2023
https://api.vietucfamily.org/storage/v1/object/public/VUF/images/DSC_7578.JPG,Gặp gia đình Lành ở tphcm năm 2023
https://api.vietucfamily.org/storage/v1/object/public/VUF/images/DSC_7584.JPG,Gặp Hà ở tphcm năm 2023
https://api.vietucfamily.org/storage/v1/object/public/VUF/images/DSC_7602.JPG,Gặp gia đình Ân ở tphcm năm 2023
https://api.vietucfamily.org/storage/v1/object/public/VUF/images/DSC_7603.JPG,Gặp Duy ở tphcm năm 2023
https://api.vietucfamily.org/storage/v1/object/public/VUF/images/DSC_7606.JPG,Gặp Ánh ở tphcm năm 2023
https://api.vietucfamily.org/storage/v1/object/public/VUF/images/DSC_7638.JPG,Gặp gia đình Yến ở tphcm năm 2023
https://api.vietucfamily.org/storage/v1/object/public/VUF/images/DSC_7681.JPG,Gặp gia đình Hải ở tphcm năm 2023
https://api.vietucfamily.org/storage/v1/object/public/VUF/images/DSC_8043.JPG,Gặp vợ chồng Đạt Xinh ở tphcm năm 2023
https://api.vietucfamily.org/storage/v1/object/public/VUF/images/DSC_8050.JPG,Gặp Diễm và vợ chồng Hà ở tphcm năm 2023
https://api.vietucfamily.org/storage/v1/object/public/VUF/images/DSC_8052.JPG,"Gặp Tuân, Trình và Dũng ở Sài gòn năm 2023"
https://api.vietucfamily.org/storage/v1/object/public/VUF/images/2026-2-zalo11.jpg,Mẹ của Ước và các cháu ở Pleiku 
https://api.vietucfamily.org/storage/v1/object/public/VUF/images/2026-3-T4N_9585.jpg,"Hào, Hà, Hoàng và Duy ở HCMC"
https://api.vietucfamily.org/storage/v1/object/public/VUF/images/2026-4-T4N_0238.jpg,Nam phát biểu cảm nghĩ tại buổi lễ ờ HCMC
https://api.vietucfamily.org/storage/v1/object/public/VUF/images/2026-6-4Z9A4555.JPG,Chúc mừng thành viên Viet Uc Ha Noi
https://api.vietucfamily.org/storage/v1/object/public/VUF/images/2026-8-T4N_0872.jpg,"Ánh, Vân và Cường ở HCMC"
https://api.vietucfamily.org/storage/v1/object/public/VUF/images/2026-9-T4N_0398.jpg,Trao bằng khen cho Nam ở HCMC
https://api.vietucfamily.org/storage/v1/object/public/VUF/images/2026-10-4Z9A4414.JPG,Trao bằng khen cho Thế Anh ở Ha Noi
https://api.vietucfamily.org/storage/v1/object/public/VUF/images/2026-11-4Z9A4470.JPG,Hình lưu niệm với khcahs mời đến từ Phú Thái CAT
https://api.vietucfamily.org/storage/v1/object/public/VUF/images/2026-12-T4N_0387.jpg,Chúc mừng Nam và Y Linh nhận bằng khen tốt nghiệp ở HCMC
https://api.vietucfamily.org/storage/v1/object/public/VUF/images/2026-13-zalo46.jpg,Đám cưới Thêu ở Nam Định
https://api.vietucfamily.org/storage/v1/object/public/VUF/images/2026-14-4Z9A3889.jpg,Gặp Việt ở Hà Nội
https://api.vietucfamily.org/storage/v1/object/public/VUF/images/2026-15-T4N_0002.jpg,Chụp hình lưu niệm cùng Vũ ở HCMC
https://api.vietucfamily.org/storage/v1/object/public/VUF/images/2026-16-4Z9A4279.jpg,Tiệc Việt Úc ở Hà Nội
https://api.vietucfamily.org/storage/v1/object/public/VUF/images/2026-17-zalo49.jpg,Gặp gia đình Trang ở Đà nẵng
https://api.vietucfamily.org/storage/v1/object/public/VUF/images/2026-18-4Z9A4475.JPG,Gặp lại Thỉnh và Thảo ở Hà Nội
https://api.vietucfamily.org/storage/v1/object/public/VUF/images/2026-19-A BUN.jpg,Trao bằng khen cho A Bun ở Kon Tum
https://api.vietucfamily.org/storage/v1/object/public/VUF/images/2026-20-4Z9A4045.jpg,Giới thiệu Mr Tiệp về Việt Uc Family
https://api.vietucfamily.org/storage/v1/object/public/VUF/images/2026-22-T4N_9998.jpg,Chụp hình lưu niệm cùng Ân ở HCMC
https://api.vietucfamily.org/storage/v1/object/public/VUF/images/2026-23-zalo32.jpg,Thăm gia đinh Best Ly ở Kon Tum
https://api.vietucfamily.org/storage/v1/object/public/VUF/images/2026-24-zalo9.jpg,Thế Anh và Chức thăm Kon Tum
https://api.vietucfamily.org/storage/v1/object/public/VUF/images/2026-25-T4N_0261.jpg,Chụp hình lưu niệm cùng Nam sau bài phát biểu cảm nghĩ
https://api.vietucfamily.org/storage/v1/object/public/VUF/images/2026-26-T4N_0039.jpg,gặp lại Tùng ở HCMC
https://api.vietucfamily.org/storage/v1/object/public/VUF/images/2026-27-zalo35.jpg,Thăm gia đình A Điệp ở Kon Tum
https://api.vietucfamily.org/storage/v1/object/public/VUF/images/2026-28-zalo24.jpg,Thăm gia đình Toàn ở Kon Tum
https://api.vietucfamily.org/storage/v1/object/public/VUF/images/2026-30-T4N_0518.jpg,Tiệc Việt Úc ở TP HCMC
https://api.vietucfamily.org/storage/v1/object/public/VUF/images/2026-31-4Z9A4710.JPG,Việt hát ở tiệc Viet Uc Ha Noi
https://api.vietucfamily.org/storage/v1/object/public/VUF/images/2026-33-4Z9A4741.JPG,Gặp lại Tuấn ở Hà Nội
https://api.vietucfamily.org/storage/v1/object/public/VUF/images/2026-35-T4N_0843.jpg,Gặp Tuân và Trình ở HCMC
https://api.vietucfamily.org/storage/v1/object/public/VUF/images/2026-36-add6.jpg,Thăm các anh em của Bảy ở Vĩnh Phúc
https://api.vietucfamily.org/storage/v1/object/public/VUF/images/2026-37-4Z9A4860.JPG,Gặp lại Đặng ở Hà Nội
https://api.vietucfamily.org/storage/v1/object/public/VUF/images/2026-38-4Z9A4807.JPG,Gặp lại Việt ở Hà Nội
https://api.vietucfamily.org/storage/v1/object/public/VUF/images/2026-40-T4N_0737.jpg,Cháu trai của chú Huy Nam tại buổi tiệc việt úc ở HCMC
https://api.vietucfamily.org/storage/v1/object/public/VUF/images/2026-41-T4N_9681.jpg,Y Linh và Y Uy ở HCMC
https://api.vietucfamily.org/storage/v1/object/public/VUF/images/2026-42-4Z9A4925.JPG,Thành viên Việt Úc Hà Nội
https://api.vietucfamily.org/storage/v1/object/public/VUF/images/2026-43-4Z9A4915.JPG,Huệ chụp hình lưu niệm với Dad
https://api.vietucfamily.org/storage/v1/object/public/VUF/images/2026-44-4Z9A4730.JPG,Saxophonist cho tiệc Việt Úc Ha Noi
https://api.vietucfamily.org/storage/v1/object/public/VUF/images/2026-46-zalo20.jpg,Thăm gia đình A Lis ở Kon Tum
https://api.vietucfamily.org/storage/v1/object/public/VUF/images/2026-47-4Z9A3892.jpg,Gặp lại Phúc ở Hà Nội
https://api.vietucfamily.org/storage/v1/object/public/VUF/images/2026-48-4Z9A4763.JPG,Thái hát ở tiệc Việt Úc Hà Nội
https://api.vietucfamily.org/storage/v1/object/public/VUF/images/2026-49-4Z9A4483.JPG,Gặp lại gia đình Sung ở Hà Nội
https://api.vietucfamily.org/storage/v1/object/public/VUF/images/2026-50-zalo16.jpg,Chúc mừng MC Y Rưm ở Kon Tum
https://api.vietucfamily.org/storage/v1/object/public/VUF/images/2026-51-zalo30.jpg,Thăm gia đình Siu Nhung ở Kon Tum
https://api.vietucfamily.org/storage/v1/object/public/VUF/images/2026-52-zalo14.jpg,Gặp lại Wưng and Khảo ở Kon Tum
https://api.vietucfamily.org/storage/v1/object/public/VUF/images/2026-53-4Z9A4359.jpg,Dad phát biểu tại lễ trao bằng khen Việt Úc Hà Nội
https://api.vietucfamily.org/storage/v1/object/public/VUF/images/2026-54-zalo36.jpg,Thăm A Khách ở Kon Tum
https://api.vietucfamily.org/storage/v1/object/public/VUF/images/2026-56-zalo2.jpg,Gặp Dr Hiền ở HCMC
https://api.vietucfamily.org/storage/v1/object/public/VUF/images/2026-57-T4N_9790.jpg,Gặp lại Hà ở HCMC
https://api.vietucfamily.org/storage/v1/object/public/VUF/images/2026-58-4Z9A4287.jpg,Toàn đại diện cho sinh viên Việt Úc tốt nghiệp phát biểu tại Hà Nội
https://api.vietucfamily.org/storage/v1/object/public/VUF/images/2026-59-4Z9A4923.JPG,Gặp lại Đạt ở Hà Nội
https://api.vietucfamily.org/storage/v1/object/public/VUF/images/2026-60-T4N_0145.jpg,Phúc và Nguyện ở HCMC
https://api.vietucfamily.org/storage/v1/object/public/VUF/images/2026-61-T4N_9625.jpg,Bình hỗ trợ công tác tặng áo cho các thành viên
https://api.vietucfamily.org/storage/v1/object/public/VUF/images/2026-63-zalo41.jpg,Chức và Thế Anh ở Kon Tum
https://api.vietucfamily.org/storage/v1/object/public/VUF/images/2026-64-T4N_0490.jpg,Tiệc Việt Úc ở HCMC
https://api.vietucfamily.org/storage/v1/object/public/VUF/images/2026-65-4Z9A3928.jpg,Gặp lại  Mừng và Chuyền ở Hà Nội
https://api.vietucfamily.org/storage/v1/object/public/VUF/images/2026-66-4Z9A4839.JPG,Gặp lại Hùng và Độ ở Hà Nội 
https://api.vietucfamily.org/storage/v1/object/public/VUF/images/2026-67-4Z9A4941.JPG,Gặp lại Vân Hằng ở Hà Nội sau nhiều năm 
https://api.vietucfamily.org/storage/v1/object/public/VUF/images/2026-68-4Z9A4007.jpg,Gặp lại Đặng ở Hà Nội
https://api.vietucfamily.org/storage/v1/object/public/VUF/images/2026-69-4Z9A4827.JPG,Gặp lại Phúc ở Hà Nội
https://api.vietucfamily.org/storage/v1/object/public/VUF/images/2026-70-4Z9A4456.JPG,Gia đình Thành và Đạt tham dự lễ trao bằng khen của Viet Uc Hà Nội
https://api.vietucfamily.org/storage/v1/object/public/VUF/images/2026-72-4Z9A3917.jpg,Gặp lại Thế Anh ở Hà Nội
https://api.vietucfamily.org/storage/v1/object/public/VUF/images/2026-73-zalo31.jpg,Thăm gia đình Siu Liêm ở KOn Tum
https://api.vietucfamily.org/storage/v1/object/public/VUF/images/2026-74-T4N_0284.jpg,Mẹ của Minh phát biểu cảm nghĩ tại buổi lễ ở HCMC
https://api.vietucfamily.org/storage/v1/object/public/VUF/images/2026-75-T4N_0321.jpg,Khanh Tam dịch cho Dad tại lễ  phát bằng khen Viet Uc HCM
https://api.vietucfamily.org/storage/v1/object/public/VUF/images/2026-76-4Z9A4955.JPG,Chúc mừng Linh và con gái Sung tại tiệc Việt Úc Hà Nội
https://api.vietucfamily.org/storage/v1/object/public/VUF/images/2026-77-T4N_0172.jpg,Niềm vui và tự hào của Dad ở HCMC
https://api.vietucfamily.org/storage/v1/object/public/VUF/images/2026-78-zalo1.jpg,Thăm gia đình Tuấn ở Bắc Giang
https://api.vietucfamily.org/storage/v1/object/public/VUF/images/2026-79-T4N_0065.jpg,Gặp lại Tú ở Tp HCM 
https://api.vietucfamily.org/storage/v1/object/public/VUF/images/2026-80-4Z9A4561.JPG,Viet Uc party in Ha Noi
https://api.vietucfamily.org/storage/v1/object/public/VUF/images/2026-81-4Z9A4905.JPG,"Gặp lại Huệ , Phương và Tiện ở Hà Nội"
https://api.vietucfamily.org/storage/v1/object/public/VUF/images/2026-83-4Z9A4695.JPG,Chúc mừng buổi lễ gặp mặt Việt Úc Hà Nội
https://api.vietucfamily.org/storage/v1/object/public/VUF/images/2026-84-4Z9A3938.jpg,Gặp lại Linh ở Hà Nội
https://api.vietucfamily.org/storage/v1/object/public/VUF/images/2026-85-T4N_9814.jpg,Gặp Kiên và minh ở HCMC
https://api.vietucfamily.org/storage/v1/object/public/VUF/images/2026-86-4Z9A4074.jpg,Mr Quang tham dư tiệc Việt Úc Hà Mội
https://api.vietucfamily.org/storage/v1/object/public/VUF/images/2026-88-4Z9A4569.JPG,Chúc mừng đến phụ huynh và các vị khách mời Viet Uc Ha Noi
https://api.vietucfamily.org/storage/v1/object/public/VUF/images/2026-89-4Z9A4736.JPG,Gặp lại Độ ở tiệc Việt Úc Hà Nội
https://api.vietucfamily.org/storage/v1/object/public/VUF/images/2026-90-4Z9A4572.JPG,Chúc mừng các vị khách mời Việt Úc Hà Nội
https://api.vietucfamily.org/storage/v1/object/public/VUF/images/2026-91-4Z9A4551.JPG,Gặp lại Luân ở Hà Nội
https://api.vietucfamily.org/storage/v1/object/public/VUF/images/2026-92-zalo8.jpg,Thăm gia đình Best Ly ở Kon Tum
https://api.vietucfamily.org/storage/v1/object/public/VUF/images/2026-93-T4N_0537.jpg,Các chị em Việt úc tại buổi tiệc ở HCMC
https://api.vietucfamily.org/storage/v1/object/public/VUF/images/2026-94-T4N_0123.jpg,Gặp An ở HCMC
https://api.vietucfamily.org/storage/v1/object/public/VUF/images/2026-96-4Z9A4502.JPG,Gặp lại Kiên và Tâm ở Hà Nội 
https://api.vietucfamily.org/storage/v1/object/public/VUF/images/2026-97-T4N_9964.jpg,Gặp Trình và Tông ở HCMC
https://api.vietucfamily.org/storage/v1/object/public/VUF/images/2026-98-4Z9A3899.jpg,Gặp lại Chức ở Hà Nội
https://api.vietucfamily.org/storage/v1/object/public/VUF/images/2026-99-4Z9A4935.JPG,Chúc mừng con gái của Sung đỗ đại học 
https://api.vietucfamily.org/storage/v1/object/public/VUF/images/2026-100-4Z9A3886.jpg,Ms Mừng tặng hoa chúc mừng Dad
https://api.vietucfamily.org/storage/v1/object/public/VUF/images/2026-1-A vuongky.jpg,Trao bằng khen cho A Vương Kỳ  ở Kon Tum Trao bằn
https://api.vietucfamily.org/storage/v1/object/public/VUF/images/2026-7-A TRac.jpg,Trao bằng khen cho A Trắc ở Kon Tum Trao bằn
https://api.vietucfamily.org/storage/v1/object/public/VUF/images/2026-21-A TRi.jpg,Trao bằng khen cho A Trí ở Kon Tum Trao bằn
https://api.vietucfamily.org/storage/v1/object/public/VUF/images/2026-29-A Phao.jpg,Trao bằng khen cho A Pháo ở Kon Tum Trao bằn
https://api.vietucfamily.org/storage/v1/object/public/VUF/images/2026-62-A Quoc.jpg,Trao bằng khen cho A Quốc ở Kon Tum Trao bằn
https://api.vietucfamily.org/storage/v1/object/public/VUF/images/2026-71-A Bien.jpg,Trao bằng khen cho A Biển ở Kon Tum
https://api.vietucfamily.org/storage/v1/object/public/VUF/images/2026-95-A THi.jpg,Trao bằng khen cho A .Thị ở Kon Tum
https://api.vietucfamily.org/storage/v1/object/public/VUF/images/2026-101-zalo43.jpg,Gặp gia đình Kiên và Sơn ở Pleiku 
https://api.vietucfamily.org/storage/v1/object/public/VUF/images/2026-102-4Z9A4439.JPG,Thành viên Việt Úc ở Hà Nội 
https://api.vietucfamily.org/storage/v1/object/public/VUF/images/2026-103-T4N_0107.jpg,Gặp trường ở HCMC
https://api.vietucfamily.org/storage/v1/object/public/VUF/images/2026-104-zalo18.jpg,Thăm gia đình KaLy Tran ở Kon Tum
https://api.vietucfamily.org/storage/v1/object/public/VUF/images/2026-105-4Z9A3981.jpg,Con gái Việt Úc chúc mừng Dad
https://api.vietucfamily.org/storage/v1/object/public/VUF/images/2026-106-T4N_0133.jpg,Chào đón anh Sơn đến tham dự tiệc việt úc in HCMC
https://api.vietucfamily.org/storage/v1/object/public/VUF/images/2026-108-4Z9A4845.JPG,Gặp lại Nụ ở Hà Nội 
https://api.vietucfamily.org/storage/v1/object/public/VUF/images/2026-109-zalo13.jpg,Bữa tiệc nhỏ ngày thăm lại gia đình Ước Pleiku 
https://api.vietucfamily.org/storage/v1/object/public/VUF/images/2026-110-A mot bay.jpg,Trao bằng khen cho Một Bảy ở Kon Tum
https://api.vietucfamily.org/storage/v1/object/public/VUF/images/2026-111-A BA.jpg,Trao bằng khen cho A Ba ở Kon Tum
https://api.vietucfamily.org/storage/v1/object/public/VUF/images/2026-112-add4.jpg,Thăm gia đình Tuấn ở Nam Định 
https://api.vietucfamily.org/storage/v1/object/public/VUF/images/2026-113-zalo33.jpg,Thăm gia đình Hoàng Lan và Diệu Khánh ở Kon Tum
https://api.vietucfamily.org/storage/v1/object/public/VUF/images/2026-114-T4N_0716.jpg,Phỏng vấn em Kiên tại buổi tiệc Việt Úc ở TP.HCM
https://api.vietucfamily.org/storage/v1/object/public/VUF/images/2026-115-4Z9A4064.jpg,Gặp lại Tuấn ở Hà Nội
https://api.vietucfamily.org/storage/v1/object/public/VUF/images/2026-116-T4N_0871.jpg,"Ánh, Vân và Cường tham dự tiệc Việt Úc in HCMC"
https://api.vietucfamily.org/storage/v1/object/public/VUF/images/2026-118-4Z9A4464.JPG,Chúc mừng Toàn tốt nghiệp ở Hà Nội 
https://api.vietucfamily.org/storage/v1/object/public/VUF/images/2026-119-4Z9A4794.JPG,Lâm chúc mừng Dad ngày gặp mặt
https://api.vietucfamily.org/storage/v1/object/public/VUF/images/2026-120-T4N_9880.jpg,Các bạn lễ tân chào đón các thành viên tham dự tiệc Việt Úc in HCMC
https://api.vietucfamily.org/storage/v1/object/public/VUF/images/2026-121-T4N_9903.jpg,Chụp hình cùng Duy và Hoài HCMC
https://api.vietucfamily.org/storage/v1/object/public/VUF/images/2026-122-4Z9A4230.jpg,Linh dẫn chương trình buổi họp mặt ở Hà Nội
https://api.vietucfamily.org/storage/v1/object/public/VUF/images/2026-123-4Z9A4259.jpg,nh Cung phát biểu tại buổi lễ in Ha Noi
https://api.vietucfamily.org/storage/v1/object/public/VUF/images/2026-124-4Z9A4619.JPG,Nâng ly cùng các thành viên Việt Úc Hà Nội
https://api.vietucfamily.org/storage/v1/object/public/VUF/images/2026-125-4Z9A4059.jpg,Mr Tiệp cùng bố mẹ Thành dự tiệc Việt Úc Hà Nội 
https://api.vietucfamily.org/storage/v1/object/public/VUF/images/2026-126-T4N_0203.jpg,Anh Cung phát biểu tại buổi lễ HCMC
https://api.vietucfamily.org/storage/v1/object/public/VUF/images/2026-127-T4N_0863.jpg,Gặp lại gia đình Hưng và Loan
https://api.vietucfamily.org/storage/v1/object/public/VUF/images/2026-128-4Z9A4141.jpg,"Gia đình Thanh , Thư , Thế Anh và mẹ tại tiệc Việt Úc Hà Nội "
https://api.vietucfamily.org/storage/v1/object/public/VUF/images/2026-131-4Z9A4098.jpg,Gặp Thảo ở Hà Nội
https://api.vietucfamily.org/storage/v1/object/public/VUF/images/2026-132-T4N_9784.jpg,Gặp Yến và Hưng ở HCMC
https://api.vietucfamily.org/storage/v1/object/public/VUF/images/2026-134-zalo48.jpg,Các thành viên Việt úc ở Đà Nẵng
https://api.vietucfamily.org/storage/v1/object/public/VUF/images/2026-135-T4N_0070.jpg,Gặp lại Mai ở HCMC
https://api.vietucfamily.org/storage/v1/object/public/VUF/images/2026-136-A Lone.jpg,Trao bằng khen cho Lơ Ne ở Kon Tum 
https://api.vietucfamily.org/storage/v1/object/public/VUF/images/2026-137-4Z9A4029.jpg,"Thêu , Tâm và Huệ dự tiệc Viêt Úc Hà Nội"
https://api.vietucfamily.org/storage/v1/object/public/VUF/images/2026-138-zalo40.jpg,Thăm Y Liên và A Phi ở Kon Tum
https://api.vietucfamily.org/storage/v1/object/public/VUF/images/2026-139-4Z9A4559.JPG,Nhóm nhạc biểu diễn ở tiệc Việt Úc Hà Nội 
https://api.vietucfamily.org/storage/v1/object/public/VUF/images/2026-140-zalo7.jpg,Thăm gia đình Si Ngôn và Rơ Ne ở Kon Tum
https://api.vietucfamily.org/storage/v1/object/public/VUF/images/2026-141-T4N_0437.jpg,Gặp lại Trang ở HCMC
https://api.vietucfamily.org/storage/v1/object/public/VUF/images/2026-142-4Z9A4203.jpg,Gặp lại Sơn ở Hà Nội
https://api.vietucfamily.org/storage/v1/object/public/VUF/images/2026-143-T4N_0827.jpg,Những vị khách quý tham dự tiệc Viet Uc HCMC
https://api.vietucfamily.org/storage/v1/object/public/VUF/images/2026-144-4Z9A4494.JPG,Chụp hình lưu niệm cùng Thảo ở Hà Nội
https://api.vietucfamily.org/storage/v1/object/public/VUF/images/2026-145-T4N_0898.jpg,Các thành viên Việt Úc ở HCMC
https://api.vietucfamily.org/storage/v1/object/public/VUF/images/2026-146-T4N_0471.jpg,Chú Nam và anh Sơn tham dự tiệc việt úc HCMC
https://api.vietucfamily.org/storage/v1/object/public/VUF/images/2026-147-zalo28.jpg,Thăm gia đình Y Hoành ở Kon Tum
https://api.vietucfamily.org/storage/v1/object/public/VUF/images/2026-148-4Z9A4421.JPG,Trao bằng khen cho Phương ở Hà Nội 
https://api.vietucfamily.org/storage/v1/object/public/VUF/images/2026-149-4Z9A4950.JPG,Gặp Linh và Lâm tiệc Việt Uc Hà Nội
https://api.vietucfamily.org/storage/v1/object/public/VUF/images/2026-150-T4N_0073.jpg,Gặp lại Dũng ở HCMC
https://api.vietucfamily.org/storage/v1/object/public/VUF/images/2026-151-T4N_0025.jpg,Gặp Hoài ở HCMC
https://api.vietucfamily.org/storage/v1/object/public/VUF/images/2026-152-zalo26.jpg,Thăm gia đình Y Chúc ở Kon Tum
https://api.vietucfamily.org/storage/v1/object/public/VUF/images/2026-153-A DENIS.jpg,Trao bằng khen cho A Denis ở Kon Tum
https://api.vietucfamily.org/storage/v1/object/public/VUF/images/2026-154-zalo44.jpg,Gặp bố của Hưng ở Pleiku
https://api.vietucfamily.org/storage/v1/object/public/VUF/images/2026-155-T4N_0726.jpg,Chúc mừng các thành viên may mắn
https://api.vietucfamily.org/storage/v1/object/public/VUF/images/2026-156-T4N_0856.jpg,Gặp lại Mai ở HCMC
https://api.vietucfamily.org/storage/v1/object/public/VUF/images/2026-158-4Z9A4116.jpg,Gặp lại Hoán ở Hà Nội 
https://api.vietucfamily.org/storage/v1/object/public/VUF/images/2026-159-A HAI.jpg,Trao bằng khen cho A Hải ở Kon Tum
https://api.vietucfamily.org/storage/v1/object/public/VUF/images/2026-160-SIU KHam tien.jpg,Trao bằng khen cho Siu Khăm Tiên ở Kon Tum
https://api.vietucfamily.org/storage/v1/object/public/VUF/images/2026-162-T4N_0014.jpg,Kim tặng Dad món quà lưu niệm
https://api.vietucfamily.org/storage/v1/object/public/VUF/images/2026-163-T4N_0368.jpg,Trao bằng khen cho Nam ở HCMC
https://api.vietucfamily.org/storage/v1/object/public/VUF/images/2026-164-zalo17.jpg,Thăm lớp dạy nhạc cụ dân tộc của Y Rưm
https://api.vietucfamily.org/storage/v1/object/public/VUF/images/2026-166-4Z9A4855.JPG,Gặp lại Tâm và Thảo ở Hà Nội
https://api.vietucfamily.org/storage/v1/object/public/VUF/images/2026-167-T4N_9652.jpg,Giây phút vui vẻ của Bình và Thúy 
https://api.vietucfamily.org/storage/v1/object/public/VUF/images/2026-168-4Z9A4597.JPG,"Ký , Độ và Tâm chúc mừng Dad "
https://api.vietucfamily.org/storage/v1/object/public/VUF/images/2026-169-zalo47.jpg,Gặp lại Linh ở Đà Nẵng 
https://api.vietucfamily.org/storage/v1/object/public/VUF/images/2026-170-zalo25.jpg,Thế Anh và Chức ở Kon Tum
https://api.vietucfamily.org/storage/v1/object/public/VUF/images/2026-171-T4N_0294.jpg,Minh cùng mẹ ở buổi tiệc Viet Uc ở HCMC
https://api.vietucfamily.org/storage/v1/object/public/VUF/images/2026-172-4Z9A4351.JPG,Bố mẹ Thành tại buổi lễ phát bằng khen ở Hà Nội 
https://api.vietucfamily.org/storage/v1/object/public/VUF/images/2026-174-4Z9A3942.jpg,Gặp lại Linh MC tại tiệc Việt Úc Hà Nội 
https://api.vietucfamily.org/storage/v1/object/public/VUF/images/2026-175-4Z9A4430.JPG,"Trao bằng khen cho Thế Anh , Phương , Toàn và Thành ở Hà Nội "
https://api.vietucfamily.org/storage/v1/object/public/VUF/images/2026-176-T4N_0018.jpg,"Gặp lại ba chị em Kim, Phú, Ân ở HCMC"
https://api.vietucfamily.org/storage/v1/object/public/VUF/images/2026-178-T4N_9936.jpg,Gặp lại Hoàn ở HCMC
https://api.vietucfamily.org/storage/v1/object/public/VUF/images/2026-179-T4N_0717.jpg, Ly Wis giới thiệu tên của mình
https://api.vietucfamily.org/storage/v1/object/public/VUF/images/2026-181-T4N_0171.jpg,Yến đảm nhiệm MC dẫn chương trình ở HCMC
https://api.vietucfamily.org/storage/v1/object/public/VUF/images/2026-182-4Z9A3903.jpg,Gặp lại bố mẹ Thành và Đạt ở Hà Nội 
https://api.vietucfamily.org/storage/v1/object/public/VUF/images/2026-183-4Z9A4127.jpg,Thế Anh chụp hình lưu niệm với Dad 
https://api.vietucfamily.org/storage/v1/object/public/VUF/images/2026-184-T4N_0058.jpg,Gặp lại Cường ở HCMC
https://api.vietucfamily.org/storage/v1/object/public/VUF/images/2026-185-T4N_0531.jpg,Các thành viên Viet Uc ở HCMC
https://api.vietucfamily.org/storage/v1/object/public/VUF/images/2026-186-4Z9A3897.jpg,Gặp lại Lợi ở Hà Nội 
https://api.vietucfamily.org/storage/v1/object/public/VUF/images/2026-187-T4N_0062.jpg,Gặp lại Yến ở HCMC
https://api.vietucfamily.org/storage/v1/object/public/VUF/images/2026-188-4Z9A4105.jpg,Gặp lại Hưng ở tiệc Việt Úc Hà Nội 
https://api.vietucfamily.org/storage/v1/object/public/VUF/images/2026-189-zalo34.jpg,"Thăm gia đình A Quang, A An , Y Khia  ở Kon Tum "
https://api.vietucfamily.org/storage/v1/object/public/VUF/images/2026-190-4Z9A4004.jpg,Thành viên Việt Úc và Mr Hà từ Phú Thái CAT 
https://api.vietucfamily.org/storage/v1/object/public/VUF/images/2026-192-add2.jpg,"Thăm gia đình Toán , Tình ở Nam Định "
https://api.vietucfamily.org/storage/v1/object/public/VUF/images/2026-193-T4N_9638.jpg,Gặp Hào ở HCMC
https://api.vietucfamily.org/storage/v1/object/public/VUF/images/2026-194-4Z9A4623.JPG,Vợ chồng Quân - Thanh dự tiệc Việt Úc Hà Nội 
https://api.vietucfamily.org/storage/v1/object/public/VUF/images/2026-195-T4N_9780.jpg,Gặp lại Thức ở HCMC
https://api.vietucfamily.org/storage/v1/object/public/VUF/images/2026-196-4Z9A4128.jpg,Welcome Mr Thông tham dự tiệc Việt Úc Hà Nội 
https://api.vietucfamily.org/storage/v1/object/public/VUF/images/2026-197-T4N_0287.jpg,Chú Huy Nam và anh Sơn tham dự tiệc Viet uc ở TP.HCM
https://api.vietucfamily.org/storage/v1/object/public/VUF/images/2026-198-4Z9A4071.jpg,Gặp lại Thư ở Hà Nội 
https://api.vietucfamily.org/storage/v1/object/public/VUF/images/2026-199-4Z9A3919.jpg,"Độ , Huyền và Hiên tặng hoa cho Dad "
https://api.vietucfamily.org/storage/v1/object/public/VUF/images/2026-200-T4N_0035.jpg,Gặp lại A Sầu ở HCMC
https://api.vietucfamily.org/storage/v1/object/public/VUF/images/2026-201-T4N_0114.jpg,Gặp lại Tuấn sau nhiều năm ở HCMC
https://api.vietucfamily.org/storage/v1/object/public/VUF/images/2026-202-4Z9A3912.jpg,Gặp lại Tráng ở Hà Nội 
https://api.vietucfamily.org/storage/v1/object/public/VUF/images/2026-203-4Z9A4240.jpg,Ms Nhung từ Phú Thái CAT tham dự tiệc Việt Úc Hà Nội 
https://api.vietucfamily.org/storage/v1/object/public/VUF/images/2026-204-4Z9A3909.jpg,Gặp lại Phương ở Hà Nội
https://api.vietucfamily.org/storage/v1/object/public/VUF/images/2026-205-4Z9A4625.JPG,Nhắc lại kỷ niệm gặp Vân Hằng lần đầu 
https://api.vietucfamily.org/storage/v1/object/public/VUF/images/2026-206-4Z9A4317.jpg,Toàn và mẹ tại buổi lễ phát bằng khen ở Hà Nội 
https://api.vietucfamily.org/storage/v1/object/public/VUF/images/2026-207-4Z9A4824.JPG,Gặp lại Thắng và Vương ở Hà Nội 
https://api.vietucfamily.org/storage/v1/object/public/VUF/images/2026-209-T4N_0457.jpg,Tiệc Viet Uc ở HCMC
https://api.vietucfamily.org/storage/v1/object/public/VUF/images/2026-211-T4N_0104.jpg,Gặp Tuấn ở HCMC
https://api.vietucfamily.org/storage/v1/object/public/VUF/images/2026-213-4Z9A4448.JPG,Phúc tặng hoa cho Dad ở Hà Nội 
https://api.vietucfamily.org/storage/v1/object/public/VUF/images/2026-214-4Z9A4176.jpg,Chia sẻ với vợ chồng Quân và Thanh 
https://api.vietucfamily.org/storage/v1/object/public/VUF/images/2026-215-4Z9A4498.JPG,Gặp lại Đởn và Tuấn ở Hà Nội
https://api.vietucfamily.org/storage/v1/object/public/VUF/images/2026-216-zalo50.jpg,Gặp Hưng ở HCMC
https://api.vietucfamily.org/storage/v1/object/public/VUF/images/2026-217-zalo45.jpg,Đám cưới Thêu ở Nam Định 
https://api.vietucfamily.org/storage/v1/object/public/VUF/images/2026-218-4Z9A4821.JPG,"Gặp lại Chuyền , Vương và Thắng ở Hà Nội "
https://api.vietucfamily.org/storage/v1/object/public/VUF/images/2026-219-4Z9A4153.jpg,Gặp lại Kiên ở Hà Nội 
https://api.vietucfamily.org/storage/v1/object/public/VUF/images/2026-220-T4N_9679.jpg,Y Uy và Y Linh tham dự tiệc Việt Úc ở HCMC
https://api.vietucfamily.org/storage/v1/object/public/VUF/images/2026-221-T4N_9996.jpg,Chụp hình lưu niệm cùng Nam
https://api.vietucfamily.org/storage/v1/object/public/VUF/images/2026-222-T4N_9978.jpg,Khoảng khắc vui vẻ của Dad
https://api.vietucfamily.org/storage/v1/object/public/VUF/images/2026-223-T4N_0495.jpg,Tiệc Viet uc family ỏ HCMC
https://api.vietucfamily.org/storage/v1/object/public/VUF/images/2026-224-T4N_9810.jpg,"Y Linh, Y Uy, Ly Bloy  tham dự tiệc Việt Úc ở HCMC"
https://api.vietucfamily.org/storage/v1/object/public/VUF/images/2026-225-4Z9A4110.jpg,Gặp lại Hoán ở Hà Nội 
https://api.vietucfamily.org/storage/v1/object/public/VUF/images/2026-226-T4N_0005.jpg,Gặp lại Phú ở HCMC
https://api.vietucfamily.org/storage/v1/object/public/VUF/images/2026-227-T4N_0051.jpg,Gặp lại Nguyện cùng thành viên mới công ty SDT&S
https://api.vietucfamily.org/storage/v1/object/public/VUF/images/2026-228-add7.jpg,Thăm gia đình Đức ở Nam Định 
https://api.vietucfamily.org/storage/v1/object/public/VUF/images/2026-229-4Z9A4192.jpg,Gặp lại Phúc và Cam ở Hà Nội
https://api.vietucfamily.org/storage/v1/object/public/VUF/images/2026-230-T4N_9985.jpg,Gặp lại Lan ở HCMC
https://api.vietucfamily.org/storage/v1/object/public/VUF/images/2026-231-T4N_0449.jpg,Thức và Cường giao lưu cùng các vị khách
https://api.vietucfamily.org/storage/v1/object/public/VUF/images/2026-232-zalo4.jpg,Thăm gia đình Thế Anh ở Hà Nội
https://api.vietucfamily.org/storage/v1/object/public/VUF/images/2026-233-4Z9A4515.JPG,Gặp Kiên và Phúc tiệc Việt Úc Hà Nội
https://api.vietucfamily.org/storage/v1/object/public/VUF/images/2026-235-4Z9A4909.JPG,Chụp hình lưu niệm Tiện với Dad
https://api.vietucfamily.org/storage/v1/object/public/VUF/images/2026-236-T4N_0160.jpg,Anh Sơn cùng gia đình tại buổi tiệc Việt Úc HCMC
https://api.vietucfamily.org/storage/v1/object/public/VUF/images/2026-237-T4N_0814.jpg,Kết nối và gắn kết Viet Uc family
https://api.vietucfamily.org/storage/v1/object/public/VUF/images/2026-238-4Z9A4119.jpg,Thế Anh và mẹ tại buổi lễ trao bằng khen ở Hà Nội 
https://api.vietucfamily.org/storage/v1/object/public/VUF/images/2026-239-T4N_0067.jpg,Gặp lại Hoài ở HCMC
https://api.vietucfamily.org/storage/v1/object/public/VUF/images/2026-240-T4N_9955.jpg,Gặp lại Nga sau nhiều năm ở HCMC
https://api.vietucfamily.org/storage/v1/object/public/VUF/images/2026-242-4Z9A4023.jpg,Gặp lại Thái ở Hà Nội
https://api.vietucfamily.org/storage/v1/object/public/VUF/images/2026-243-A QUANG.jpg,Trao bằng khen cho A Quang ở Kon Tum
https://api.vietucfamily.org/storage/v1/object/public/VUF/images/2026-244-zalo19.jpg,Thăm gia đình  KaLy Tran ở Kon Tum 
https://api.vietucfamily.org/storage/v1/object/public/VUF/images/2026-245-4Z9A4547.JPG,Gặp lại Thịnh ở Hà Nội 
https://api.vietucfamily.org/storage/v1/object/public/VUF/images/2026-246-T4N_0082.jpg,Gặp lại Hậu ở HCMC 
https://api.vietucfamily.org/storage/v1/object/public/VUF/images/2026-247-4Z9A4033.jpg,Welcom Mr Tiệp tham dự tiệc Việt Úc Hà Nội 
https://api.vietucfamily.org/storage/v1/object/public/VUF/images/2026-248-4Z9A4486.JPG,Gia đình Thế Anh tại lễ trao bằng khen ở Hà Nội 
https://api.vietucfamily.org/storage/v1/object/public/VUF/images/2026-250-T4N_0748.jpg,Chúc mừng Hưng với phần quà may mắn
https://api.vietucfamily.org/storage/v1/object/public/VUF/images/2026-252-T4N_9643.jpg,Gặp lại Thức sau nhiều năm ở HCMC
https://api.vietucfamily.org/storage/v1/object/public/VUF/images/2026-254-4Z9A4738.JPG,"Gặp lại Ký , Độ và Tường ở Hà Nội "
https://api.vietucfamily.org/storage/v1/object/public/VUF/images/2026-255-4Z9A4539.JPG,Thành viên Việt Úc Yên Trị dự tiệc Hà Nội
https://api.vietucfamily.org/storage/v1/object/public/VUF/images/2026-256-T4N_0118.jpg,Gặp lại Tuân ở HCMC
https://api.vietucfamily.org/storage/v1/object/public/VUF/images/2026-257-T4N_9582.jpg,Anh em Hoàng và Hà ở tiệc Việt Úc HCMC
https://api.vietucfamily.org/storage/v1/object/public/VUF/images/2026-262-T4N_0416.jpg,Tất cả thành viên chụp hình kỷ niệm ở HCMC
https://api.vietucfamily.org/storage/v1/object/public/VUF/images/2026-264-T4N_0803.jpg,Khoảng khắc cùng nhau hát Nối vòng tay lớn
https://api.vietucfamily.org/storage/v1/object/public/VUF/images/2026-265-T4N_0010.jpg,Kim chụp hình lưu niệm cùng anh Cung
https://api.vietucfamily.org/storage/v1/object/public/VUF/images/2026-266-T4N_0893.jpg,Các thành viên thanh dự tiệc Việt Úc ở HCMC
https://api.vietucfamily.org/storage/v1/object/public/VUF/images/2026-267-4Z9A4814.JPG,Gặp lại Linh và Việt ở Hà Nội
https://api.vietucfamily.org/storage/v1/object/public/VUF/images/2026-268-4Z9A4131.jpg,Nhóm nhạc ở tiệc Việt Úc Hà Nội 
https://api.vietucfamily.org/storage/v1/object/public/VUF/images/2026-269-4Z9A3955.jpg,Chào mừng Mr Hà dự tiệc Việt Úc Hà Nội 
https://api.vietucfamily.org/storage/v1/object/public/VUF/images/2026-270-4Z9A4537.JPG,"Tiện , Phương và Huệ ở tiệc Việt Úc Hà Nội "
https://api.vietucfamily.org/storage/v1/object/public/VUF/images/2026-271-T4N_0891.jpg,Gặp Lan và Hằng ở HCMC
https://api.vietucfamily.org/storage/v1/object/public/VUF/images/2026-273-zalo3.jpg,Gặp lại Dr Hiền ở HCMC
https://api.vietucfamily.org/storage/v1/object/public/VUF/images/2026-274-4Z9A3970.jpg,Nhóm nhạc và ca sĩ tại tiệc Việt Úc Hà Nội 
https://api.vietucfamily.org/storage/v1/object/public/VUF/images/2026-275-T4N_9941.jpg,Gặp Lan ở HCMC
https://api.vietucfamily.org/storage/v1/object/public/VUF/images/2026-276-4Z9A4037.jpg,Welcome Mr Tiệp dự Việt Úc party Hà Nội 
https://api.vietucfamily.org/storage/v1/object/public/VUF/images/2026-277-T4N_0007.jpg,Gặp Hoàng ở HCMC
https://api.vietucfamily.org/storage/v1/object/public/VUF/images/2026-279-T4N_9763.jpg,"Gặp Thúy, Yến và Bình ở TPHCM"
https://api.vietucfamily.org/storage/v1/object/public/VUF/images/2026-280-zalo38.jpg,Thăm gia đình Y Phương ở Kon Tum 
https://api.vietucfamily.org/storage/v1/object/public/VUF/images/2026-281-T4N_9799.jpg,Gặp Hải ở HCMC
https://api.vietucfamily.org/storage/v1/object/public/VUF/images/2026-282-4Z9A3906.jpg,Gặp lại Chuyền ở Hà Nội 
https://api.vietucfamily.org/storage/v1/object/public/VUF/images/2026-283-add5.jpg,Thăm gia đình Tuyền ở Nam Định 
https://api.vietucfamily.org/storage/v1/object/public/VUF/images/2026-284-4Z9A4216.jpg,Gặp lại Tuyên ở Hà Nội
https://api.vietucfamily.org/storage/v1/object/public/VUF/images/2026-285-T4N_9825.jpg,Gặp lại Hải ở HCMC
https://api.vietucfamily.org/storage/v1/object/public/VUF/images/2026-286-T4N_0111.jpg,Chụp hình lưu niệm cùng Hà
https://api.vietucfamily.org/storage/v1/object/public/VUF/images/2026-287-T4N_0384.jpg,Trao bằng khen cho Y Linh ở HCMC
https://api.vietucfamily.org/storage/v1/object/public/VUF/images/2026-289-4Z9A4521.JPG,Gặp Dương và Đặng ở Hà Nội 
https://api.vietucfamily.org/storage/v1/object/public/VUF/images/2026-290-zalo42.jpg,Thăm gia đình Ước ở Kon Tum 
https://api.vietucfamily.org/storage/v1/object/public/VUF/images/2026-291-T4N_0865.jpg,Con trai của Hưng và Loan (Cả 2 đều là thành viên Việt Úc)
https://api.vietucfamily.org/storage/v1/object/public/VUF/images/2026-292-4Z9A4525.JPG,Nhóm Viêt Úc Thanh Hóa tham dự meeting ở Hà Nội 
https://api.vietucfamily.org/storage/v1/object/public/VUF/images/2026-293-T4N_9672.jpg,Y Uy và Y Linh nhận áo đồng phục việt úc
https://api.vietucfamily.org/storage/v1/object/public/VUF/images/2026-294-T4N_9580.jpg,Hà chụp hình lưu niệm ở HCMC
https://api.vietucfamily.org/storage/v1/object/public/VUF/images/2026-295-4Z9A4093.jpg,Gặp lại Thảo ở Hà Nội 
https://api.vietucfamily.org/storage/v1/object/public/VUF/images/2026-296-4Z9A4685.JPG,Linh với vợ chồng Quân - Thanh ở tiệc Việt Úc Hà Nội 
https://api.vietucfamily.org/storage/v1/object/public/VUF/images/2026-298-T4N_0042.jpg,Gặp lại Tùng ở HCMC
https://api.vietucfamily.org/storage/v1/object/public/VUF/images/2026-299-4Z9A4505.JPG,Chụp hình lưu niệm với mẹ Toàn 
https://api.vietucfamily.org/storage/v1/object/public/VUF/images/2026-300-4Z9A3914.jpg,Gặp lại Ất ở Hà Nội 
https://api.vietucfamily.org/storage/v1/object/public/VUF/images/2026-301-4Z9A4509.JPG,Chúc mừng Toàn tốt nghiệp 
https://api.vietucfamily.org/storage/v1/object/public/VUF/images/2026-302-T4N_0312.jpg,Khánh Tâm dịch cho Dad ở HCMC
https://api.vietucfamily.org/storage/v1/object/public/VUF/images/2026-304-zalo22.jpg,Thăm gia đình Ri Ta ở Kon Tum 
https://api.vietucfamily.org/storage/v1/object/public/VUF/images/2026-305-T4N_0844.jpg,Gặp lại Hà và Nam ở HCMC
https://api.vietucfamily.org/storage/v1/object/public/VUF/images/2026-306-4Z9A4428.JPG,Trao bằng khen tốt nghiệp cho Toàn 
https://api.vietucfamily.org/storage/v1/object/public/VUF/images/2026-307-T4N_0540.jpg,Chúc mừng ngày họp mặt Viet Uc ở HCMC
https://api.vietucfamily.org/storage/v1/object/public/VUF/images/2026-308-T4N_0528.jpg,Chúc mừng ngày họp mặt Viet Uc ở HCMC
https://api.vietucfamily.org/storage/v1/object/public/VUF/images/2026-309-4Z9A3921.jpg,"Gặp lại  Độ , Huyền và Hiên ở Hà Nội"
https://api.vietucfamily.org/storage/v1/object/public/VUF/images/2026-310-4Z9A4158.jpg,Gặp lại Phúc tiệc Việt Úc Hà Nội 
https://api.vietucfamily.org/storage/v1/object/public/VUF/images/2026-311-4Z9A4490.JPG,Chụp hình lưu niệm với Quân và Thanh 
https://api.vietucfamily.org/storage/v1/object/public/VUF/images/2026-312-T4N_0084.jpg,Trò chuyện cùng Nguyện và Cường tại tiệc Viet Uc HCMC
https://api.vietucfamily.org/storage/v1/object/public/VUF/images/2026-313-4Z9A4224.jpg,Việt Úc meeting in Hà Nội 
https://api.vietucfamily.org/storage/v1/object/public/VUF/images/2026-314-T4N_0764.jpg,Anh Cung trao quà cho con gái Khánh Tâm
https://api.vietucfamily.org/storage/v1/object/public/VUF/images/2026-315-T4N_9899.jpg,Gặp lại hai chị em Ngọc Anh và Ngọc Ánh ở HCMC
https://api.vietucfamily.org/storage/v1/object/public/VUF/images/2026-316-4Z9A4675.JPG,Khiêu vũ với ca sỹ Hải Anh in Hà Nội 
https://api.vietucfamily.org/storage/v1/object/public/VUF/images/2026-320-T4N_0439.jpg,Chúc mừng ngày họp mặt ở HCMC
https://api.vietucfamily.org/storage/v1/object/public/VUF/images/2026-321-zalo37.jpg,Thăm A Khách ở Kon Tum
https://api.vietucfamily.org/storage/v1/object/public/VUF/images/2026-322-4Z9A3950.jpg,Gặp Việt ở tiệc Việt Úc Hà Nội 
https://api.vietucfamily.org/storage/v1/object/public/VUF/images/2026-323-zalo29.jpg,Thăm gia đình Siu Liêm ở Kon Tum 
https://api.vietucfamily.org/storage/v1/object/public/VUF/images/2026-324-zalo39.jpg,Thăm Y Liên và A Phi ở Kon Tum
https://api.vietucfamily.org/storage/v1/object/public/VUF/images/2026-326-zalo21.jpg,Thăm gia đình A Lis ở Kon Tum 
https://api.vietucfamily.org/storage/v1/object/public/VUF/images/2026-327-zalo15.jpg,Gặp lại A Nhật ở Kon Tum 
https://api.vietucfamily.org/storage/v1/object/public/VUF/images/2026-328-4Z9A4641.JPG,Mr Hà và Mr Thông tại tiệc Việt Úc Hà Nội 
https://api.vietucfamily.org/storage/v1/object/public/VUF/images/2026-329-zalo12.jpg,Chức và Thế Anh thăm Kon Tum 
https://api.vietucfamily.org/storage/v1/object/public/VUF/images/2026-330-T4N_0769.jpg,Chúc mừng con gái anh Cung với phần quà may mắn
https://api.vietucfamily.org/storage/v1/object/public/VUF/images/2026-331-T4N_0130.jpg,Chúc mừng Y Linh và Nam tại buổi lễ trao bằng khen Việt Uc HCM
https://api.vietucfamily.org/storage/v1/object/public/VUF/images/2026-332-T4N_9917.jpg,Gặp lại Trình ở HCMC
https://api.vietucfamily.org/storage/v1/object/public/VUF/images/2026-333-zalo5.jpg,Thăm gia đình Đặng khám bệnh cho baby Nhân ở Singapore 
https://api.vietucfamily.org/storage/v1/object/public/VUF/images/2026-334-T4N_0075.jpg,Gặp lại Dũng ở HCMC
https://api.vietucfamily.org/storage/v1/object/public/VUF/images/2026-335-4Z9A3924.jpg,Gặp lại Mừng và Chuyền ở Hà Nội
https://api.vietucfamily.org/storage/v1/object/public/VUF/images/2026-336-zalo10.jpg,Thăm gia đình Siu Toại ở Kon Tum 
https://api.vietucfamily.org/storage/v1/object/public/VUF/images/2026-337-T4N_0682.jpg,Chúc mừng sinh nhật Thanh An ở tiệc Việt Úc HCMC
https://api.vietucfamily.org/storage/v1/object/public/VUF/images/2026-338-T4N_0680.jpg,Chúc mừng sinh nhật Thanh An ở tiệc Việt Úc HCMC
https://api.vietucfamily.org/storage/v1/object/public/VUF/images/2026-339-4Z9A4913.JPG,Phương chụp hình lưu niệm với Dad ở Hà Nội
https://api.vietucfamily.org/storage/v1/object/public/VUF/images/2026-340-zalo27.jpg,Thăm gia đình Y Chúc ở Kon Tum
https://api.vietucfamily.org/storage/v1/object/public/VUF/images/2026-341-4Z9A4282.jpg,Việt Úc meeting ở Hà Nội 
https://api.vietucfamily.org/storage/v1/object/public/VUF/images/2026-342-T4N_0886.jpg,Gặp thành viên Việt Úc ở HCMC
https://api.vietucfamily.org/storage/v1/object/public/VUF/images/2026-343-T4N_9721.jpg,Gặp lại Kiên ở HCMC
https://api.vietucfamily.org/storage/v1/object/public/VUF/images/2026-345-T4N_9923.jpg,Nhiên có lần đầu tham dự tiệc họp mặt Viet Uc ở HCMC
https://api.vietucfamily.org/storage/v1/object/public/VUF/images/2026-346-add1.jpg,Thăm mẹ Huy ở Nam Định 
https://api.vietucfamily.org/storage/v1/object/public/VUF/images/2026-347-T4N_0176.jpg,"Anh Mai Sơn, một người bạn thân của Viet Uc"
https://api.vietucfamily.org/storage/v1/object/public/VUF/images/2026-349-T4N_0079.jpg,Gặp lại Thắng ở HCMC
https://api.vietucfamily.org/storage/v1/object/public/VUF/images/2026-350-add3.jpg,Thăm gia đình Tuyền ở Nam Định 
https://api.vietucfamily.org/storage/v1/object/public/VUF/images/2026-351-4Z9A3932.jpg,Gặp lại Hiên và Huyền ở Hà Nội 
https://api.vietucfamily.org/storage/v1/object/public/VUF/images/2026-352-4Z9A4422.JPG,Trao bằng khen cho Thành ở Hà Nội 
https://api.vietucfamily.org/storage/v1/object/public/VUF/images/2026-354-zalo23.jpg,Thăm gia đình Toàn ở Kon Tum 
https://api.vietucfamily.org/storage/v1/object/public/VUF/images/2026-355-4Z9A3968.jpg," Tâm , Huệ và Phương gặp mặt tại Hà Nội "
https://api.vietucfamily.org/storage/v1/object/public/VUF/images/2026-356-T4N_9977.jpg,Các anh chị em Việt Úc cùng quê Nam Định
https://api.vietucfamily.org/storage/v1/object/public/VUF/images/2026-357-zalo6.jpg,Thăm gia đình Siu Nhung ở Kon Tum 
https://api.vietucfamily.org/storage/v1/object/public/VUF/images/2026-358-T4N_0710.jpg,Chúc mừng các thành viên được nhận quà may mắn
https://api.vietucfamily.org/storage/v1/object/public/VUF/images/2026-359-T4N_0092.jpg,Gặp lại Yến và Vũ ở tiệc Việt Úc HCMC
https://api.vietucfamily.org/storage/v1/object/public/VUF/images/2026-360-4Z9A4701.JPG,"Trang , Ánh và Huệ dự tiệc Việt Úc ở Hà Nội "
https://api.vietucfamily.org/storage/v1/object/public/VUF/images/2026-361-T4N_9659.jpg,"Bình, Hưng và Thúy hỗ trợ tặng Áo Việt Úc"
https://api.vietucfamily.org/storage/v1/object/public/VUF/images/2026-362-4Z9A4661.JPG,Mr Hà và Mr Thông dự tiệc Việt Úc Hà Nội 
https://api.vietucfamily.org/storage/v1/object/public/VUF/images/2026-363-4Z9A4091.jpg,Mr Tiệp và bố của Thành tại tiệc Việt Úc Hà Nội 
https://api.vietucfamily.org/storage/v1/object/public/VUF/images/2026-364-T4N_0879.jpg,Gặp thành viên Việt Úc ở HCMC 
https://api.vietucfamily.org/storage/v1/object/public/VUF/images/2026-365-T4N_9929.jpg,Gặp lại Hùng ở tiệc Việt Úc HCMC 
https://api.vietucfamily.org/storage/v1/object/public/VUF/images/1234.jpg,Thăm gia đình Ngọc Ánh ở Thanh Hóa 
https://api.vietucfamily.org/storage/v1/object/public/VUF/images/101234.jpg,"Thăm gia đình Thà , Huy ở Thanh Hóa "
https://api.vietucfamily.org/storage/v1/object/public/VUF/images/10122.jpg,Thăm gia đình Đặng ở Thanh Hóa
https://api.vietucfamily.org/storage/v1/object/public/VUF/images/10121.jpg,Thăm gia đình Ngọc Ánh ở Thanh Hóa 
https://api.vietucfamily.org/storage/v1/object/public/VUF/images/10123.jpg,Thăm gia đình Đặng ở Thanh Hóa 
https://api.vietucfamily.org/storage/v1/object/public/VUF/images/101211.jpg,Thăm gia đình Trang ở Thanh Hóa
https://api.vietucfamily.org/storage/v1/object/public/VUF/images/1012322.jpg,Đám cưới Nguyễn Hà ở Đồng Nai
https://api.vietucfamily.org/storage/v1/object/public/VUF/images/123.jpg,Buổi tối chơi trung thu của Gia đình Toàn ở Vĩnh Long
https://api.vietucfamily.org/storage/v1/object/public/VUF/images/a123.jpg,Hai mẹ con Phúc ở vườn hoa Hà Nội
https://api.vietucfamily.org/storage/v1/object/public/VUF/images/Xuyen family in Ho Chi Minh city.jpg,Xuyen family in Ho Chi Minh city
https://api.vietucfamily.org/storage/v1/object/public/VUF/images/Y Gon family in KonTum.jpg,Y Gon family in KonTum
https://api.vietucfamily.org/storage/v1/object/public/VUF/images/Thuy family in Quang Nam.jpg,Thuy family in Quang Nam
https://api.vietucfamily.org/storage/v1/object/public/VUF/images/Toan from Vinh Long celebrated Mid-Autumn Festival with his family.jpg,Toan from Vinh Long celebrated Mid-Autumn Festival with his family
https://api.vietucfamily.org/storage/v1/object/public/VUF/images/Linh family in Nam Dinh.jpg,Linh family in Nam Dinh
https://api.vietucfamily.org/storage/v1/object/public/VUF/images/Mai visited her mother and paternal grandmother in Thanh Hoa.jpg,Mai visited her mother and paternal grandmother in Thanh Hoa
https://api.vietucfamily.org/storage/v1/object/public/VUF/images/Quynh family in Ha Noi.jpg,Quynh family in Ha Noi
https://api.vietucfamily.org/storage/v1/object/public/VUF/images/Siu Liem Family in Kontum.jpg,Siu Liem Family in Kontum
https://api.vietucfamily.org/storage/v1/object/public/VUF/images/Oanh is currenly living in Ha Noi.jpg,Oanh is currenly living in Ha Noi
https://api.vietucfamily.org/storage/v1/object/public/VUF/images/Linh family is currenly living in Hai Phong.jpg,Linh family is currenly living in Hai Phong
https://api.vietucfamily.org/storage/v1/object/public/VUF/images/Nhung visited Mang Den - KonTum.jpg,Nhung visited Mang Den - KonTum
https://api.vietucfamily.org/storage/v1/object/public/VUF/images/Doctor Kieu is currenly working in Nghe An.jpg,Doctor Kieu is currenly working in Nghe An
https://api.vietucfamily.org/storage/v1/object/public/VUF/images/Chuc family in Nam Dinh.jpg,Chuc family in Nam Dinh
https://api.vietucfamily.org/storage/v1/object/public/VUF/images/Hao family in Tam Dao - Vinh Phuc.jpg,Hao family in Tam Dao - Vinh Phuc
https://api.vietucfamily.org/storage/v1/object/public/VUF/images/Chanh played games after working time in Singapore.jpg,Chanh played games after working time in Singapore
https://api.vietucfamily.org/storage/v1/object/public/VUF/images/Doctor Tham visited Da Nang.jpg,Doctor Tham visited Da Nang
https://api.vietucfamily.org/storage/v1/object/public/VUF/images/A Hen family in Kontum.jpg,A Hen family in Kontum
https://api.vietucfamily.org/storage/v1/object/public/VUF/images/Dad visisted Phuc and Phu in Ho Chi Minh city.jpg,Dad visisted Phuc and Phu in Ho Chi Minh city
https://api.vietucfamily.org/storage/v1/object/public/VUF/images/Happy Tet from Son family in Thanh Hoa -2025.jpg,Happy Tet from Son family in Thanh Hoa -2025
https://api.vietucfamily.org/storage/v1/object/public/VUF/images/Congratulations to Nen on welcoming a new baby.jpg,Congratulations to Nen on welcoming a new baby
https://api.vietucfamily.org/storage/v1/object/public/VUF/images/Dad visisted A Bao family in Kontum.jpg,Dad visisted A Bao family in Kontum
https://api.vietucfamily.org/storage/v1/object/public/VUF/images/A Thanh Long family in Kontum.jpg,A Thanh Long family in Kontum
https://api.vietucfamily.org/storage/v1/object/public/VUF/images/Dad visited E Lis family in Kontum.jpg,Dad visited E Lis family in Kontum
https://api.vietucfamily.org/storage/v1/object/public/VUF/images/Phuong family trip to Japan.jpg,Phuong family’s trip to Japan
https://api.vietucfamily.org/storage/v1/object/public/VUF/images/Mai family Christmas event Ho Chi Minh City.jpg,Mai family Christmas event – Ho Chi Minh City
https://api.vietucfamily.org/storage/v1/object/public/VUF/images/Lai family went to church  USA.jpg,Lai family went to church - USA
https://api.vietucfamily.org/storage/v1/object/public/VUF/images/Teacher Thuy is currenly living in Vinh city Nghe An.jpg,Teacher Thuy is currenly living in Vinh city - Nghe An
https://api.vietucfamily.org/storage/v1/object/public/VUF/images/Nhung visited Mang Den  KonTum.jpg,Nhung visited Mang Den - KonTum
https://api.vietucfamily.org/storage/v1/object/public/VUF/images/Hao family in Tam Dao Vinh Phuc.jpg,Hao family in Tam Dao - Vinh Phuc
https://api.vietucfamily.org/storage/v1/object/public/VUF/images/Happy Tet from Son family in Thanh Hoa 2025.jpg,Happy Tet from Son family in Thanh Hoa -2025
https://api.vietucfamily.org/storage/v1/object/public/VUF/images/Celebrating Phuong father 70th birthday in Thanh Hoa.jpg,Celebrating Phuong father’s 70th birthday in Thanh Hoa
https://api.vietucfamily.org/storage/v1/object/public/VUF/images/Chanh played games after working time in Singapore copy.jpg,Chanh played games after working time in Singapore
https://api.vietucfamily.org/storage/v1/object/public/VUF/images/Congratulations to Nen on welcoming a new baby copy.jpg,Congratulations to Nen on welcoming a new baby
https://api.vietucfamily.org/storage/v1/object/public/VUF/images/Thuy family in Quang Nam copy.jpg,Thuy family in Quang Nam
https://api.vietucfamily.org/storage/v1/object/public/VUF/images/Linh family is currenly living in Hai Phong copy.jpg,Linh family is currenly living in Hai Phong
https://api.vietucfamily.org/storage/v1/object/public/VUF/images/Linh family Christmas event Bao Loc City copy.jpg,Linh family Christmas event Bao Loc City